question,worker,answer
1,1,3
1,2,3
1,3,3
1,4,0
1,5,3
1,6,3
1,7,3
1,8,3
1,9,3
1,10,3
75,1,3
75,5,2
75,15,0
75,17,3
75,23,3
75,34,3
75,40,3
75,43,1
75,52,3
75,56,3
197,1,3
197,9,3
197,11,3
197,17,0
197,23,3
197,32,1
197,37,3
197,56,3
197,90,1
197,91,3
31,1,2
31,9,2
31,10,3
31,13,1
31,15,2
31,20,1
31,31,0
31,35,1
31,43,0
31,48,0
304,1,1
304,2,1
304,16,1
304,17,1
304,23,1
304,29,2
304,31,2
304,61,1
304,90,2
304,97,1
73,1,1
73,3,3
73,9,1
73,13,1
73,16,1
73,20,2
73,35,3
73,37,1
73,40,1
73,53,0
148,1,2
148,3,0
148,9,0
148,20,0
148,22,2
148,29,1
148,35,2
148,40,2
148,43,1
148,51,2
213,1,1
213,14,1
213,15,1
213,16,1
213,17,1
213,23,1
213,31,3
213,34,1
213,35,0
213,40,1
452,1,2
452,2,2
452,9,2
452,16,0
452,25,2
452,28,1
452,29,2
452,31,0
452,37,2
452,56,2
563,1,0
563,6,2
563,10,2
563,14,2
563,16,0
563,25,0
563,34,0
563,45,3
563,47,0
563,61,0
208,1,1
208,3,0
208,8,1
208,9,1
208,28,0
208,34,1
208,44,1
208,47,0
208,53,1
208,65,1
359,1,2
359,9,0
359,16,2
359,22,2
359,25,2
359,34,2
359,48,2
359,55,0
359,61,2
359,97,2
174,1,3
174,3,2
174,6,2
174,10,3
174,13,2
174,21,2
174,22,3
174,35,1
174,60,3
174,61,3
276,1,2
276,5,2
276,9,2
276,20,2
276,22,2
276,23,2
276,24,3
276,31,1
276,37,2
276,50,2
287,1,0
287,3,1
287,9,0
287,11,0
287,20,0
287,22,3
287,29,2
287,43,0
287,58,1
287,90,0
220,1,0
220,3,3
220,5,1
220,21,2
220,23,0
220,44,0
220,47,1
220,57,0
220,61,0
220,76,2
34,1,0
34,3,3
34,13,3
34,14,0
34,15,0
34,16,0
34,24,0
34,31,0
34,35,1
34,53,0
718,1,2
718,9,2
718,12,3
718,13,0
718,16,2
718,22,2
718,25,2
718,31,2
718,34,2
718,58,3
311,1,3
311,9,3
311,15,3
311,28,3
311,34,3
311,35,3
311,37,3
311,58,3
311,87,3
311,101,3
115,1,2
115,3,3
115,9,3
115,12,3
115,13,3
115,20,3
115,41,2
115,51,2
115,53,2
115,54,2
183,1,3
183,25,3
183,29,3
183,31,3
183,33,3
183,34,3
183,37,3
183,55,3
183,75,3
183,95,2
368,1,0
368,3,1
368,9,0
368,13,0
368,19,0
368,24,1
368,31,1
368,34,0
368,40,0
368,47,0
617,1,2
617,10,3
617,19,2
617,21,1
617,31,1
617,34,2
617,35,3
617,39,1
617,43,2
617,58,1
116,1,3
116,12,3
116,13,1
116,14,3
116,17,3
116,23,3
116,35,3
116,40,3
116,47,1
116,61,3
71,1,2
71,13,3
71,15,2
71,34,2
71,35,0
71,47,2
71,51,1
71,54,2
71,55,0
71,66,2
100,1,0
100,3,3
100,4,1
100,10,0
100,13,0
100,26,1
100,34,0
100,49,0
100,56,2
100,61,0
377,1,2
377,13,0
377,17,2
377,20,2
377,28,0
377,29,0
377,37,0
377,42,1
377,55,2
377,60,1
529,1,2
529,10,3
529,17,2
529,20,0
529,31,2
529,40,2
529,43,0
529,53,2
529,55,2
529,97,2
325,1,2
325,2,2
325,11,2
325,25,2
325,28,0
325,31,2
325,43,2
325,47,2
325,55,0
325,61,2
179,1,2
179,9,1
179,20,2
179,23,2
179,31,2
179,34,2
179,42,1
179,48,2
179,54,2
179,65,2
57,1,3
57,5,3
57,8,0
57,37,3
57,43,0
57,45,3
57,47,3
57,49,3
57,52,0
57,80,3
12,1,1
12,2,1
12,4,1
12,8,1
12,10,1
12,26,1
12,31,1
12,34,1
12,43,1
12,50,1
222,1,2
222,9,2
222,10,2
222,13,0
222,16,1
222,20,2
222,34,2
222,41,3
222,54,2
222,72,3
110,1,2
110,3,1
110,9,2
110,21,3
110,22,3
110,35,0
110,45,2
110,55,2
110,56,2
110,61,2
568,1,2
568,14,2
568,20,2
568,40,2
568,43,2
568,54,2
568,56,2
568,61,2
568,63,2
568,89,3
426,1,1
426,9,1
426,13,3
426,28,0
426,34,1
426,35,3
426,37,1
426,40,1
426,54,1
426,58,1
580,1,3
580,3,2
580,12,1
580,15,2
580,22,1
580,27,3
580,31,3
580,44,3
580,51,3
580,80,3
714,1,1
714,11,1
714,16,2
714,20,1
714,22,1
714,28,1
714,31,1
714,35,3
714,43,0
714,47,0
259,1,2
259,7,2
259,9,2
259,13,0
259,34,1
259,37,2
259,56,3
259,58,2
259,62,1
259,98,2
147,1,3
147,2,3
147,3,1
147,5,3
147,37,3
147,40,3
147,47,0
147,61,3
147,76,2
147,77,3
347,1,1
347,3,3
347,8,1
347,10,1
347,12,3
347,34,0
347,44,1
347,47,3
347,50,0
347,61,1
602,1,2
602,3,1
602,10,3
602,11,2
602,13,1
602,17,0
602,20,2
602,49,2
602,56,1
602,80,0
415,1,2
415,6,2
415,22,2
415,31,2
415,35,1
415,41,2
415,58,2
415,62,2
415,63,1
415,69,0
477,1,0
477,9,0
477,13,1
477,17,0
477,20,1
477,27,3
477,29,3
477,41,0
477,43,0
477,66,3
106,1,3
106,3,2
106,9,3
106,37,3
106,42,0
106,43,1
106,54,3
106,55,3
106,56,3
106,61,3
479,1,3
479,3,1
479,17,3
479,20,3
479,22,3
479,23,3
479,31,2
479,32,3
479,35,3
479,65,2
216,1,0
216,3,3
216,8,0
216,13,0
216,15,0
216,16,0
216,26,0
216,31,3
216,49,2
216,70,2
301,1,3
301,3,3
301,5,3
301,10,3
301,13,2
301,31,3
301,35,0
301,39,3
301,55,3
301,56,0
232,1,3
232,13,3
232,29,0
232,31,3
232,40,3
232,47,3
232,49,3
232,51,3
232,63,0
232,72,2
242,1,2
242,3,3
242,8,2
242,13,2
242,31,2
242,34,0
242,35,2
242,37,2
242,40,2
242,43,3
118,1,2
118,8,2
118,16,2
118,20,3
118,23,2
118,25,2
118,28,0
118,29,2
118,34,2
118,53,2
229,1,0
229,9,0
229,13,1
229,23,0
229,34,0
229,37,0
229,40,0
229,43,2
229,51,0
229,55,0
730,1,2
730,3,2
730,9,1
730,11,2
730,14,2
730,20,2
730,25,2
730,34,2
730,53,2
730,73,2
290,1,1
290,3,3
290,7,1
290,12,3
290,13,2
290,16,1
290,21,2
290,22,0
290,29,2
290,45,3
317,1,3
317,2,3
317,3,0
317,10,3
317,13,0
317,16,3
317,22,3
317,34,3
317,37,1
317,62,0
650,1,2
650,2,2
650,3,1
650,9,2
650,16,2
650,17,2
650,20,2
650,35,2
650,40,2
650,43,1
365,1,1
365,6,0
365,9,1
365,16,1
365,22,0
365,35,3
365,40,1
365,43,1
365,44,1
365,55,1
555,1,2
555,16,2
555,20,3
555,22,2
555,23,2
555,34,2
555,35,2
555,36,2
555,40,2
555,63,2
413,1,3
413,3,1
413,12,0
413,16,3
413,21,2
413,25,3
413,28,3
413,30,1
413,31,0
413,50,0
653,1,3
653,11,3
653,13,1
653,21,1
653,22,0
653,25,3
653,29,3
653,55,3
653,59,3
653,61,3
202,1,2
202,10,2
202,12,2
202,22,1
202,23,2
202,31,1
202,34,2
202,39,2
202,43,2
202,51,2
95,1,1
95,2,0
95,3,0
95,9,1
95,10,0
95,13,1
95,20,1
95,22,0
95,44,1
95,67,1
594,1,0
594,3,1
594,7,0
594,10,1
594,16,0
594,22,0
594,29,1
594,55,3
594,60,1
594,63,1
459,1,2
459,6,3
459,12,2
459,13,2
459,15,2
459,22,2
459,23,2
459,34,2
459,55,2
459,56,2
380,1,0
380,3,2
380,9,0
380,13,3
380,21,3
380,37,2
380,41,1
380,43,1
380,56,0
380,63,0
445,1,0
445,3,2
445,10,2
445,13,1
445,16,0
445,20,0
445,25,0
445,37,0
445,43,2
445,45,1
383,1,1
383,10,1
383,34,1
383,39,1
383,40,1
383,44,1
383,47,0
383,48,1
383,79,1
383,102,2
556,1,2
556,5,2
556,13,2
556,17,2
556,19,2
556,20,1
556,25,2
556,35,2
556,39,0
556,66,1
285,1,0
285,16,0
285,25,0
285,27,0
285,50,3
285,56,0
285,57,0
285,63,2
285,70,0
285,85,0
164,1,3
164,14,3
164,20,1
164,29,2
164,30,2
164,31,3
164,41,3
164,56,3
164,58,3
164,89,0
369,1,2
369,5,2
369,14,3
369,16,3
369,23,2
369,34,2
369,35,2
369,37,2
369,85,2
369,88,2
343,1,1
343,3,2
343,16,1
343,20,1
343,21,2
343,28,2
343,31,0
343,35,1
343,61,1
343,66,2
97,1,1
97,10,1
97,15,0
97,17,1
97,31,0
97,37,1
97,39,0
97,43,0
97,62,1
97,90,1
705,1,2
705,13,1
705,20,1
705,22,2
705,29,2
705,30,1
705,34,2
705,58,3
705,60,1
705,61,2
704,1,3
704,16,1
704,21,3
704,28,3
704,34,3
704,35,3
704,51,3
704,54,3
704,73,3
704,107,3
722,1,1
722,8,1
722,17,1
722,20,1
722,22,1
722,23,1
722,28,3
722,31,1
722,41,1
722,55,3
574,1,0
574,14,3
574,20,0
574,21,0
574,25,0
574,27,1
574,28,0
574,30,0
574,43,0
574,56,0
456,1,2
456,4,2
456,8,2
456,15,2
456,21,2
456,34,2
456,40,2
456,54,2
456,60,2
456,61,2
125,1,0
125,15,0
125,16,1
125,22,0
125,28,2
125,30,1
125,39,0
125,47,1
125,50,0
125,81,2
518,1,2
518,2,2
518,9,2
518,11,1
518,13,1
518,16,2
518,19,3
518,31,2
518,53,1
518,65,2
310,1,1
310,13,0
310,22,1
310,23,1
310,27,2
310,34,0
310,36,1
310,43,1
310,45,3
310,63,0
632,1,3
632,3,1
632,5,3
632,9,3
632,13,2
632,29,3
632,37,3
632,43,3
632,65,3
632,105,3
41,1,2
41,16,2
41,30,2
41,31,2
41,34,2
41,35,2
41,49,2
41,72,1
41,74,2
41,75,2
595,1,3
595,12,2
595,13,2
595,20,0
595,21,3
595,32,3
595,35,3
595,50,3
595,58,3
595,59,0
270,1,3
270,11,3
270,16,3
270,20,1
270,35,2
270,39,3
270,40,3
270,69,2
270,81,3
270,85,3
581,1,2
581,13,0
581,19,2
581,37,2
581,39,2
581,41,1
581,43,2
581,47,0
581,56,2
581,63,0
126,1,2
126,9,2
126,11,2
126,16,2
126,19,2
126,22,2
126,39,2
126,47,3
126,55,2
126,66,2
211,1,0
211,3,0
211,13,3
211,19,0
211,37,0
211,40,0
211,44,0
211,54,0
211,57,0
211,89,0
2,1,2
2,3,3
2,9,3
2,11,2
2,12,2
2,13,0
2,14,1
2,15,2
2,16,2
2,17,1
155,1,2
155,2,3
155,3,1
155,4,3
155,10,2
155,15,1
155,22,1
155,23,2
155,40,2
155,61,2
655,1,0
655,2,0
655,3,3
655,11,2
655,13,3
655,16,0
655,31,0
655,40,0
655,55,0
655,56,0
42,1,0
42,10,0
42,11,0
42,12,2
42,16,0
42,35,2
42,40,0
42,43,2
42,58,2
42,65,0
13,1,3
13,2,3
13,5,1
13,9,3
13,10,3
13,12,3
13,13,0
13,14,3
13,25,3
13,43,3
223,1,2
223,2,2
223,3,3
223,6,2
223,9,2
223,20,1
223,29,3
223,31,3
223,35,2
223,45,2
323,1,2
323,3,1
323,12,2
323,25,2
323,27,2
323,31,2
323,34,2
323,37,2
323,39,1
323,40,2
593,1,1
593,3,0
593,9,1
593,15,2
593,22,1
593,37,1
593,39,1
593,41,1
593,53,1
593,80,3
81,1,1
81,12,2
81,15,3
81,31,3
81,37,0
81,39,1
81,41,3
81,67,1
81,77,2
81,85,1
8,1,0
8,3,3
8,5,0
8,20,0
8,23,0
8,40,0
8,44,0
8,45,0
8,46,0
8,47,0
113,1,3
113,2,3
113,3,2
113,12,1
113,20,2
113,23,3
113,37,3
113,52,3
113,54,3
113,73,3
524,1,3
524,10,3
524,14,3
524,21,3
524,30,1
524,35,0
524,40,3
524,54,3
524,66,1
524,69,3
398,1,1
398,10,1
398,13,2
398,25,1
398,35,3
398,40,1
398,47,1
398,51,1
398,53,1
398,91,1
625,1,0
625,3,0
625,9,2
625,15,2
625,16,2
625,29,0
625,31,2
625,34,2
625,36,1
625,43,0
433,1,2
433,5,0
433,9,0
433,15,0
433,16,1
433,25,0
433,28,0
433,43,2
433,52,0
433,58,0
345,1,3
345,13,1
345,16,0
345,23,1
345,25,1
345,34,1
345,37,2
345,54,1
345,58,0
345,97,1
90,1,3
90,3,2
90,4,3
90,13,0
90,36,1
90,48,1
90,49,2
90,50,1
90,77,3
90,90,1
562,1,3
562,4,1
562,13,1
562,16,1
562,21,3
562,22,1
562,37,1
562,40,1
562,43,1
562,48,1
451,1,2
451,13,3
451,16,3
451,31,0
451,35,2
451,36,1
451,37,3
451,43,3
451,62,3
451,94,3
530,1,1
530,3,1
530,9,3
530,13,1
530,15,3
530,16,0
530,22,1
530,37,1
530,53,2
530,55,3
162,1,3
162,9,1
162,16,1
162,27,1
162,29,3
162,31,3
162,42,0
162,48,1
162,58,3
162,85,1
263,1,2
263,13,1
263,16,0
263,20,0
263,37,0
263,40,0
263,41,0
263,43,0
263,62,3
263,81,1
275,1,3
275,3,3
275,16,1
275,31,1
275,32,2
275,34,1
275,35,1
275,43,0
275,49,2
275,69,1
156,1,0
156,3,1
156,8,2
156,21,1
156,22,2
156,25,2
156,31,1
156,35,0
156,39,0
156,56,2
88,1,0
88,9,0
88,10,2
88,16,1
88,19,1
88,21,3
88,37,1
88,42,2
88,51,1
88,55,1
579,1,3
579,7,2
579,9,2
579,12,2
579,13,3
579,17,2
579,20,0
579,25,2
579,51,2
579,53,2
335,1,1
335,9,1
335,16,3
335,20,0
335,21,1
335,28,1
335,35,1
335,36,0
335,37,0
335,61,0
370,1,2
370,9,3
370,16,3
370,20,1
370,23,3
370,35,3
370,37,3
370,53,3
370,58,1
370,66,0
308,1,2
308,4,3
308,6,1
308,13,1
308,16,1
308,23,1
308,31,1
308,50,1
308,72,2
308,90,1
84,1,3
84,14,0
84,16,0
84,17,0
84,20,0
84,22,0
84,25,0
84,35,0
84,40,0
84,56,0
497,1,1
497,4,3
497,5,3
497,21,3
497,23,3
497,35,2
497,43,3
497,53,3
497,54,3
497,55,3
142,1,0
142,9,2
142,10,1
142,16,2
142,20,2
142,21,3
142,22,2
142,37,2
142,52,1
142,86,2
269,1,1
269,3,1
269,13,3
269,15,0
269,16,0
269,22,0
269,36,2
269,53,0
269,57,0
269,75,1
553,1,0
553,2,1
553,5,3
553,28,0
553,43,2
553,44,2
553,50,2
553,54,2
553,61,2
553,99,3
328,1,2
328,3,1
328,8,3
328,10,3
328,16,3
328,23,3
328,34,3
328,53,2
328,62,1
328,74,3
268,1,0
268,5,1
268,9,2
268,10,1
268,21,3
268,23,2
268,27,2
268,37,2
268,40,2
268,55,0
354,1,2
354,5,1
354,15,2
354,23,1
354,27,1
354,32,1
354,52,1
354,55,1
354,60,3
354,62,3
209,1,0
209,3,0
209,10,2
209,20,2
209,31,3
209,35,0
209,36,2
209,41,2
209,43,2
209,61,2
552,1,2
552,9,1
552,12,0
552,16,0
552,22,0
552,23,0
552,31,3
552,39,0
552,45,0
552,55,3
590,1,2
590,3,3
590,12,0
590,13,2
590,15,1
590,16,0
590,20,0
590,56,0
590,60,0
590,76,0
283,1,2
283,2,0
283,13,2
283,17,0
283,21,1
283,31,3
283,41,0
283,55,0
283,76,1
283,90,0
525,1,0
525,3,2
525,13,1
525,19,1
525,31,1
525,40,1
525,53,0
525,56,1
525,60,2
525,65,1
185,1,2
185,12,1
185,20,1
185,21,1
185,25,3
185,31,2
185,35,3
185,43,3
185,55,2
185,60,1
428,1,1
428,3,0
428,5,0
428,17,0
428,27,0
428,34,0
428,41,0
428,61,0
428,72,1
428,80,1
615,1,1
615,8,0
615,13,2
615,34,0
615,36,1
615,37,0
615,42,0
615,43,2
615,47,0
615,62,1
611,1,0
611,11,3
611,13,2
611,17,3
611,21,3
611,22,3
611,34,3
611,37,3
611,43,3
611,56,3
505,1,0
505,12,1
505,17,1
505,20,0
505,32,0
505,39,0
505,40,1
505,52,1
505,60,1
505,96,1
403,1,2
403,3,3
403,13,2
403,16,1
403,22,1
403,35,1
403,40,1
403,43,1
403,56,2
403,61,1
23,1,2
23,3,3
23,10,2
23,13,1
23,20,0
23,36,0
23,39,0
23,48,0
23,55,0
23,64,3
128,1,1
128,2,3
128,3,2
128,12,2
128,13,2
128,20,2
128,28,0
128,35,2
128,44,3
128,47,3
78,1,0
78,9,2
78,10,3
78,16,3
78,20,3
78,21,1
78,22,3
78,29,3
78,30,2
78,43,3
448,1,3
448,3,0
448,13,0
448,17,2
448,20,2
448,35,2
448,37,0
448,43,2
448,50,2
448,58,0
289,1,3
289,2,0
289,3,3
289,12,3
289,15,2
289,17,2
289,37,2
289,40,2
289,62,0
289,76,2
65,1,1
65,3,2
65,5,3
65,26,3
65,34,3
65,36,2
65,39,3
65,40,3
65,41,3
65,55,3
322,1,0
322,3,2
322,9,2
322,17,0
322,20,3
322,41,3
322,44,3
322,45,2
322,61,3
322,87,0
682,1,2
682,15,1
682,21,0
682,22,1
682,25,1
682,28,3
682,30,2
682,31,3
682,50,0
682,58,1
250,1,0
250,3,2
250,29,3
250,35,2
250,39,3
250,40,3
250,43,0
250,73,3
250,83,3
250,90,3
257,1,3
257,2,0
257,5,0
257,31,0
257,35,0
257,37,0
257,48,0
257,52,0
257,60,0
257,90,0
402,1,0
402,2,1
402,9,1
402,10,1
402,13,1
402,15,1
402,18,1
402,30,1
402,41,1
402,55,1
419,1,2
419,9,3
419,21,0
419,34,3
419,35,3
419,43,0
419,44,3
419,49,3
419,54,3
419,69,1
87,1,0
87,8,1
87,14,1
87,16,1
87,28,0
87,31,3
87,34,1
87,39,1
87,43,1
87,69,2
366,1,2
366,4,3
366,16,3
366,21,0
366,34,3
366,35,2
366,39,3
366,41,3
366,43,1
366,51,3
240,1,3
240,2,2
240,13,0
240,16,2
240,19,2
240,20,0
240,23,2
240,43,2
240,49,3
240,54,2
482,1,2
482,5,3
482,10,3
482,16,0
482,35,3
482,39,3
482,40,3
482,43,3
482,54,3
482,88,3
46,1,1
46,2,0
46,7,0
46,9,0
46,16,0
46,23,0
46,37,3
46,40,0
46,43,2
46,47,0
388,1,2
388,2,1
388,4,0
388,6,0
388,14,1
388,16,1
388,40,1
388,41,1
388,50,1
388,51,1
272,1,0
272,16,3
272,28,1
272,29,0
272,34,3
272,39,3
272,42,3
272,48,3
272,58,3
272,88,3
6,1,0
6,13,0
6,16,2
6,20,1
6,25,2
6,35,2
6,36,0
6,37,0
6,38,2
6,39,3
489,1,1
489,13,0
489,31,2
489,39,2
489,41,2
489,47,0
489,50,2
489,56,2
489,63,2
489,80,2
678,1,2
678,13,3
678,16,3
678,20,1
678,22,3
678,25,3
678,34,2
678,43,0
678,54,3
678,88,3
679,1,3
679,6,0
679,10,0
679,16,0
679,19,0
679,34,0
679,37,0
679,59,0
679,61,0
679,66,2
102,1,0
102,9,1
102,15,1
102,27,2
102,28,2
102,31,1
102,34,1
102,50,1
102,60,1
102,73,1
124,1,1
124,9,2
124,19,2
124,21,3
124,23,2
124,25,2
124,35,2
124,36,2
124,40,2
124,56,2
292,1,3
292,10,2
292,13,0
292,19,2
292,21,2
292,28,1
292,35,0
292,52,1
292,73,2
292,99,1
256,1,0
256,8,0
256,13,3
256,14,3
256,20,0
256,22,3
256,31,2
256,35,2
256,44,1
256,53,3
628,1,2
628,8,0
628,13,1
628,16,0
628,20,1
628,29,1
628,34,0
628,35,2
628,53,0
628,66,0
10,2,0
10,3,3
10,9,0
10,12,0
10,16,0
10,21,3
10,34,0
10,51,0
10,53,0
10,54,0
237,2,1
237,5,1
237,13,3
237,20,0
237,33,1
237,35,2
237,41,1
237,43,1
237,44,1
237,60,1
334,2,3
334,12,0
334,20,3
334,23,3
334,26,2
334,28,2
334,35,0
334,43,3
334,47,3
334,98,3
435,2,0
435,4,0
435,7,0
435,12,2
435,20,3
435,27,0
435,62,3
435,72,0
435,94,0
435,105,0
425,2,2
425,3,1
425,12,2
425,16,0
425,31,2
425,34,2
425,35,2
425,37,3
425,56,3
425,99,2
394,2,3
394,5,3
394,13,2
394,15,0
394,17,3
394,31,2
394,34,3
394,40,3
394,49,1
394,96,3
450,2,3
450,10,3
450,12,1
450,13,2
450,25,3
450,32,0
450,35,0
450,40,3
450,41,1
450,52,3
358,2,3
358,9,3
358,12,0
358,13,2
358,21,3
358,25,3
358,35,0
358,36,3
358,52,3
358,54,3
234,2,1
234,3,1
234,9,1
234,16,1
234,20,1
234,43,1
234,55,1
234,56,1
234,63,1
234,74,1
66,2,3
66,9,3
66,13,0
66,16,3
66,23,3
66,25,3
66,39,0
66,47,2
66,56,1
66,68,3
453,2,3
453,5,3
453,7,3
453,12,3
453,13,1
453,20,3
453,43,0
453,47,0
453,55,3
453,70,0
252,2,2
252,3,3
252,7,2
252,16,2
252,22,2
252,23,2
252,39,2
252,41,2
252,42,3
252,54,2
169,2,1
169,7,1
169,13,2
169,16,1
169,20,1
169,21,1
169,35,3
169,39,0
169,45,1
169,62,2
449,2,3
449,5,3
449,12,2
449,20,1
449,23,3
449,35,1
449,37,3
449,41,0
449,46,2
449,57,3
352,2,1
352,11,0
352,20,2
352,21,2
352,25,1
352,31,1
352,35,0
352,41,1
352,44,1
352,52,3
532,2,3
532,5,3
532,14,3
532,21,3
532,23,3
532,26,3
532,27,3
532,35,3
532,67,3
532,69,1
537,2,3
537,9,3
537,12,2
537,20,0
537,23,3
537,30,1
537,36,3
537,47,3
537,66,1
537,76,3
145,2,0
145,9,1
145,13,3
145,16,0
145,17,0
145,22,0
145,29,0
145,31,0
145,32,0
145,39,0
324,2,3
324,9,3
324,13,0
324,19,2
324,24,3
324,31,3
324,44,3
324,62,0
324,88,3
324,89,1
51,2,2
51,9,3
51,17,2
51,23,2
51,24,2
51,25,2
51,39,3
51,40,2
51,54,2
51,58,2
436,2,3
436,3,3
436,4,0
436,7,3
436,16,3
436,20,1
436,22,3
436,37,0
436,61,3
436,70,1
297,2,2
297,3,0
297,9,2
297,28,0
297,34,2
297,37,0
297,40,2
297,41,1
297,51,2
297,55,1
577,2,2
577,7,2
577,9,1
577,10,2
577,28,2
577,31,2
577,37,2
577,50,2
577,56,0
577,81,3
353,2,2
353,9,3
353,16,2
353,22,3
353,31,2
353,40,2
353,43,1
353,58,2
353,69,2
353,70,1
146,2,1
146,3,2
146,5,1
146,9,1
146,15,3
146,21,0
146,22,1
146,37,1
146,40,1
146,76,2
603,2,3
603,3,0
603,9,3
603,11,0
603,21,0
603,22,3
603,31,0
603,35,0
603,49,2
603,58,0
444,2,1
444,4,1
444,10,0
444,21,3
444,23,1
444,31,1
444,40,1
444,41,0
444,51,3
444,66,2
231,2,1
231,4,0
231,6,2
231,16,1
231,17,1
231,19,1
231,35,2
231,37,1
231,43,1
231,68,1
137,2,3
137,10,3
137,21,0
137,23,3
137,27,3
137,34,3
137,35,2
137,37,3
137,44,3
137,50,3
300,2,1
300,3,1
300,9,3
300,16,1
300,21,2
300,22,1
300,40,1
300,49,1
300,65,1
300,68,2
135,2,2
135,3,3
135,5,3
135,12,3
135,25,2
135,31,2
135,34,2
135,35,2
135,53,1
135,58,1
64,2,2
64,13,3
64,23,2
64,29,0
64,35,3
64,39,2
64,40,2
64,47,2
64,55,2
64,83,2
80,2,1
80,5,1
80,9,1
80,16,1
80,18,1
80,20,1
80,25,1
80,53,1
80,58,1
80,87,3
21,2,2
21,15,1
21,16,2
21,23,2
21,34,0
21,40,2
21,43,1
21,47,3
21,50,3
21,63,2
27,2,3
27,3,2
27,9,3
27,13,3
27,23,3
27,25,3
27,34,3
27,52,1
27,56,3
27,67,3
407,2,1
407,9,0
407,29,1
407,31,1
407,34,1
407,50,1
407,56,1
407,63,1
407,66,0
407,85,1
430,2,2
430,8,2
430,20,2
430,22,3
430,23,2
430,29,2
430,31,2
430,56,2
430,61,2
430,83,0
560,2,1
560,12,0
560,13,2
560,16,1
560,26,1
560,35,3
560,53,1
560,58,1
560,60,1
560,65,1
423,2,0
423,13,0
423,16,0
423,17,0
423,23,0
423,53,1
423,56,0
423,60,0
423,65,1
423,90,2
337,2,3
337,3,3
337,8,3
337,10,3
337,13,2
337,21,1
337,39,3
337,41,3
337,47,0
337,88,3
349,2,1
349,5,2
349,6,1
349,9,1
349,14,3
349,20,1
349,34,1
349,35,0
349,42,1
349,51,1
62,2,0
62,7,0
62,10,0
62,13,3
62,34,0
62,39,3
62,42,0
62,61,0
62,76,2
62,81,0
652,2,0
652,9,0
652,13,1
652,16,0
652,31,1
652,34,0
652,40,0
652,57,0
652,62,1
652,66,3
188,2,0
188,3,3
188,9,0
188,15,1
188,16,0
188,28,3
188,31,0
188,40,0
188,41,0
188,60,2
168,2,0
168,3,2
168,7,0
168,9,0
168,13,3
168,29,1
168,44,0
168,53,0
168,61,0
168,76,2
175,2,1
175,3,0
175,13,1
175,16,1
175,21,1
175,30,2
175,35,3
175,40,1
175,43,1
175,47,0
217,2,1
217,8,3
217,9,1
217,17,1
217,27,1
217,37,1
217,41,2
217,60,1
217,63,2
217,77,0
427,2,3
427,3,2
427,10,1
427,13,2
427,15,2
427,21,0
427,22,2
427,34,3
427,42,2
427,67,3
668,2,3
668,3,2
668,13,1
668,19,2
668,22,3
668,23,3
668,35,3
668,40,3
668,44,3
668,54,3
330,2,0
330,8,0
330,27,0
330,31,2
330,34,0
330,35,2
330,39,0
330,47,0
330,69,1
330,96,0
374,2,1
374,3,3
374,9,1
374,21,2
374,23,1
374,26,0
374,35,1
374,40,1
374,41,0
374,62,2
638,2,2
638,9,2
638,20,1
638,26,0
638,31,3
638,43,2
638,44,2
638,51,2
638,60,0
638,73,2
339,2,2
339,3,1
339,12,1
339,14,3
339,19,2
339,32,2
339,34,2
339,35,2
339,37,2
339,67,2
344,2,2
344,3,0
344,4,1
344,23,2
344,37,0
344,61,2
344,62,2
344,72,2
344,85,2
344,99,3
539,2,1
539,3,3
539,8,1
539,21,2
539,23,1
539,31,1
539,43,1
539,45,3
539,47,3
539,55,1
363,2,3
363,10,3
363,13,3
363,15,2
363,37,3
363,39,1
363,40,3
363,50,3
363,56,3
363,60,3
566,2,3
566,3,1
566,8,3
566,20,2
566,23,3
566,42,3
566,43,1
566,54,3
566,60,2
566,62,3
25,2,2
25,3,3
25,9,1
25,10,2
25,22,2
25,34,3
25,44,2
25,50,3
25,58,2
25,66,2
210,2,2
210,3,1
210,13,0
210,31,2
210,35,0
210,47,0
210,48,2
210,54,2
210,66,0
210,94,2
432,2,2
432,14,3
432,16,2
432,20,1
432,22,2
432,24,1
432,29,2
432,31,2
432,34,2
432,53,2
523,2,0
523,10,0
523,20,0
523,23,0
523,30,1
523,37,0
523,49,0
523,51,3
523,58,0
523,63,1
235,2,2
235,3,0
235,9,2
235,10,2
235,12,1
235,13,3
235,16,2
235,26,3
235,50,3
235,95,1
331,2,3
331,3,3
331,13,3
331,14,0
331,16,3
331,27,3
331,35,3
331,40,3
331,58,1
331,68,2
123,2,2
123,3,0
123,16,2
123,21,3
123,26,1
123,31,2
123,35,0
123,37,1
123,50,2
123,52,3
83,2,0
83,10,1
83,11,3
83,13,3
83,16,0
83,20,3
83,21,3
83,26,1
83,77,3
83,89,1
393,2,0
393,3,3
393,7,0
393,16,1
393,27,0
393,31,0
393,35,3
393,37,0
393,39,0
393,70,0
171,2,2
171,9,2
171,15,1
171,16,2
171,35,3
171,37,2
171,41,2
171,55,3
171,57,3
171,61,2
644,2,1
644,3,0
644,10,3
644,13,2
644,19,1
644,21,1
644,31,0
644,34,0
644,40,1
644,56,2
538,2,3
538,9,3
538,13,0
538,31,3
538,47,3
538,50,3
538,54,3
538,58,2
538,60,3
538,61,3
367,2,1
367,3,1
367,16,1
367,19,1
367,20,1
367,23,1
367,31,2
367,40,1
367,50,1
367,63,2
614,2,2
614,3,3
614,13,1
614,21,3
614,29,3
614,30,3
614,34,2
614,35,1
614,61,2
614,65,3
109,2,1
109,3,2
109,15,1
109,21,3
109,34,1
109,35,0
109,40,1
109,44,1
109,47,0
109,78,0
63,2,1
63,3,1
63,19,3
63,34,1
63,37,1
63,40,1
63,43,1
63,55,1
63,83,0
63,84,1
288,2,0
288,9,0
288,22,0
288,28,2
288,29,1
288,31,0
288,34,0
288,40,0
288,43,0
288,58,0
544,2,0
544,3,2
544,5,0
544,9,1
544,13,1
544,16,0
544,35,3
544,40,0
544,43,0
544,59,0
441,2,3
441,9,1
441,17,3
441,25,3
441,29,1
441,30,2
441,35,3
441,37,3
441,47,0
441,73,3
464,2,2
464,3,0
464,13,2
464,16,1
464,31,2
464,36,2
464,43,2
464,50,0
464,65,2
464,81,1
218,2,2
218,3,1
218,6,2
218,14,3
218,17,2
218,31,0
218,40,2
218,55,0
218,62,1
218,69,2
49,2,2
49,3,3
49,9,2
49,16,2
49,25,2
49,28,0
49,35,2
49,50,2
49,73,2
49,76,3
406,2,1
406,13,3
406,16,1
406,22,0
406,26,1
406,34,1
406,35,2
406,50,1
406,61,1
406,70,3
241,2,2
241,3,1
241,5,0
241,12,0
241,13,0
241,22,3
241,25,0
241,29,0
241,41,2
241,58,1
627,2,3
627,3,0
627,5,2
627,9,3
627,12,3
627,16,2
627,35,2
627,40,2
627,43,0
627,60,1
561,2,3
561,8,1
561,13,0
561,17,1
561,19,1
561,20,3
561,35,2
561,39,1
561,55,3
561,56,0
45,2,3
45,3,2
45,9,1
45,10,0
45,16,1
45,20,3
45,31,0
45,39,0
45,53,3
45,67,0
382,2,2
382,9,3
382,13,1
382,19,3
382,20,3
382,21,3
382,23,3
382,28,0
382,40,3
382,56,2
546,2,1
546,3,0
546,8,2
546,12,2
546,13,3
546,16,2
546,21,2
546,25,2
546,54,2
546,56,1
496,2,2
496,9,1
496,16,1
496,17,2
496,28,0
496,31,0
496,35,3
496,43,2
496,49,1
496,69,3
309,3,0
309,8,0
309,13,1
309,16,0
309,19,0
309,25,0
309,35,0
309,37,0
309,40,0
309,55,0
165,3,0
165,12,2
165,13,0
165,16,0
165,22,0
165,31,0
165,35,0
165,43,0
165,47,0
165,55,0
684,3,0
684,8,0
684,9,0
684,21,0
684,22,2
684,34,0
684,35,0
684,43,1
684,53,0
684,58,2
296,3,0
296,10,0
296,20,1
296,40,0
296,42,3
296,53,2
296,55,0
296,56,0
296,58,3
296,63,3
709,3,1
709,13,0
709,16,0
709,21,0
709,22,1
709,28,1
709,29,2
709,34,1
709,35,1
709,42,1
15,3,3
15,16,1
15,28,0
15,34,3
15,36,0
15,40,3
15,42,3
15,43,3
15,55,3
15,59,0
442,3,3
442,9,0
442,19,3
442,20,3
442,26,3
442,28,3
442,34,3
442,43,0
442,82,1
442,91,3
249,3,1
249,13,1
249,14,1
249,15,2
249,16,1
249,17,1
249,40,1
249,41,1
249,55,1
249,61,1
540,3,3
540,9,3
540,12,3
540,15,0
540,31,3
540,39,3
540,40,3
540,46,3
540,52,3
540,56,2
773,3,3
773,9,3
773,13,0
773,16,3
773,20,0
773,22,3
773,25,3
773,28,0
773,54,3
773,72,3
111,3,3
111,10,3
111,13,3
111,15,3
111,22,3
111,27,3
111,35,2
111,41,3
111,60,3
111,76,3
765,3,2
765,9,2
765,21,1
765,25,2
765,31,2
765,34,2
765,35,2
765,40,2
765,43,0
765,58,1
18,3,1
18,9,2
18,13,0
18,17,1
18,18,1
18,26,1
18,40,1
18,43,1
18,54,1
18,61,1
158,3,2
158,13,1
158,20,2
158,25,2
158,31,2
158,34,2
158,35,0
158,47,0
158,73,2
158,80,1
604,3,3
604,5,3
604,13,1
604,16,3
604,28,3
604,34,3
604,35,2
604,47,0
604,55,3
604,80,1
645,3,2
645,9,2
645,16,2
645,20,2
645,34,2
645,42,2
645,43,0
645,53,2
645,60,2
645,63,2
527,3,3
527,5,1
527,8,3
527,13,3
527,20,1
527,25,3
527,28,1
527,45,3
527,56,3
527,69,1
418,3,3
418,14,1
418,17,3
418,23,3
418,34,3
418,50,3
418,53,3
418,55,2
418,58,3
418,61,3
341,3,3
341,11,3
341,13,3
341,16,3
341,24,2
341,31,3
341,37,3
341,54,3
341,62,3
341,69,1
528,3,3
528,9,3
528,10,3
528,12,2
528,13,0
528,41,3
528,44,3
528,61,3
528,73,3
528,81,3
707,3,2
707,13,2
707,15,0
707,17,2
707,22,2
707,29,1
707,35,3
707,40,2
707,43,3
707,58,2
761,3,2
761,9,0
761,13,2
761,16,2
761,26,3
761,31,2
761,35,0
761,42,2
761,43,2
761,59,2
387,3,1
387,10,2
387,12,1
387,16,0
387,20,2
387,23,1
387,27,2
387,40,1
387,47,0
387,54,1
307,3,0
307,13,0
307,15,1
307,21,1
307,30,3
307,34,0
307,36,3
307,39,1
307,41,0
307,73,0
85,3,1
85,9,2
85,11,3
85,13,2
85,20,1
85,27,1
85,31,1
85,43,1
85,61,1
85,73,1
372,3,3
372,8,1
372,10,3
372,21,0
372,26,1
372,37,3
372,40,3
372,58,3
372,67,3
372,99,3
541,3,2
541,4,3
541,8,2
541,13,3
541,15,3
541,21,0
541,35,2
541,40,2
541,43,2
541,57,2
799,3,2
799,9,3
799,11,3
799,20,2
799,35,2
799,41,2
799,51,2
799,61,2
799,63,2
799,88,0
298,3,0
298,5,0
298,9,0
298,16,0
298,25,0
298,26,3
298,42,3
298,65,0
298,67,0
298,89,0
492,3,2
492,11,1
492,13,0
492,21,3
492,22,2
492,31,2
492,50,2
492,55,0
492,84,2
492,94,2
312,3,3
312,9,3
312,16,3
312,23,3
312,31,3
312,35,3
312,41,2
312,47,2
312,53,2
312,65,3
318,3,1
318,10,0
318,20,1
318,23,1
318,28,2
318,34,1
318,35,1
318,37,1
318,55,1
318,56,3
629,3,2
629,5,1
629,16,2
629,31,2
629,41,2
629,43,3
629,47,2
629,53,2
629,58,2
629,62,0
99,3,0
99,13,0
99,20,1
99,21,2
99,22,0
99,35,3
99,36,0
99,37,0
99,57,0
99,73,0
756,3,0
756,9,0
756,10,0
756,13,1
756,16,0
756,25,0
756,30,3
756,34,3
756,61,0
756,102,0
460,3,1
460,9,1
460,11,0
460,16,3
460,19,1
460,28,1
460,45,3
460,50,3
460,52,1
460,53,0
327,3,0
327,16,0
327,19,0
327,22,2
327,25,0
327,35,0
327,47,1
327,51,0
327,53,0
327,54,0
760,3,1
760,9,1
760,16,1
760,20,2
760,27,1
760,34,1
760,43,1
760,60,1
760,61,1
760,62,3
281,3,0
281,15,3
281,16,0
281,17,3
281,20,2
281,23,0
281,26,0
281,34,1
281,51,0
281,52,0
747,3,2
747,20,1
747,27,1
747,34,1
747,35,1
747,43,3
747,47,3
747,58,2
747,63,1
747,88,1
536,3,3
536,14,1
536,16,1
536,19,1
536,20,2
536,25,1
536,36,1
536,47,1
536,50,1
536,56,1
201,3,3
201,8,2
201,12,2
201,14,2
201,20,2
201,28,3
201,31,3
201,37,2
201,42,0
201,43,2
511,3,3
511,5,0
511,14,0
511,16,0
511,21,3
511,28,1
511,29,0
511,47,2
511,60,0
511,102,0
138,3,1
138,11,2
138,14,1
138,19,1
138,29,2
138,34,2
138,35,2
138,37,2
138,40,2
138,55,2
696,3,1
696,9,0
696,12,0
696,13,0
696,16,0
696,34,0
696,37,3
696,43,0
696,47,2
696,73,0
776,3,0
776,5,3
776,9,1
776,11,3
776,14,1
776,16,1
776,20,1
776,21,1
776,42,1
776,102,3
303,3,0
303,8,3
303,9,3
303,13,0
303,16,3
303,23,3
303,53,3
303,54,3
303,57,3
303,58,0
273,3,0
273,5,3
273,7,3
273,22,3
273,36,3
273,40,3
273,43,3
273,52,3
273,54,3
273,61,3
332,3,3
332,5,2
332,9,2
332,21,1
332,34,2
332,35,3
332,39,3
332,47,2
332,58,2
332,79,2
193,3,2
193,9,2
193,13,2
193,16,2
193,19,3
193,23,3
193,27,3
193,30,3
193,41,3
193,60,0
227,3,2
227,5,3
227,16,3
227,20,3
227,24,3
227,25,3
227,35,3
227,43,2
227,55,2
227,61,3
663,3,3
663,9,1
663,13,0
663,16,1
663,20,1
663,21,3
663,27,0
663,34,1
663,35,1
663,59,1
635,3,0
635,5,2
635,16,3
635,19,0
635,20,2
635,22,3
635,40,3
635,54,3
635,56,3
635,97,3
619,3,0
619,5,1
619,12,3
619,20,0
619,21,1
619,31,3
619,43,1
619,51,3
619,53,1
619,55,1
675,3,1
675,11,2
675,20,3
675,22,2
675,25,3
675,30,0
675,41,3
675,45,3
675,51,3
675,59,3
246,3,2
246,8,3
246,9,2
246,13,1
246,16,3
246,20,3
246,23,3
246,29,0
246,34,2
246,72,1
3,3,2
3,12,0
3,13,2
3,16,1
3,17,1
3,18,1
3,19,1
3,20,3
3,21,0
3,22,1
554,3,3
554,10,2
554,14,2
554,16,2
554,22,2
554,34,2
554,37,2
554,51,2
554,52,2
554,60,3
191,3,0
191,9,1
191,10,1
191,11,1
191,13,2
191,16,1
191,17,1
191,22,1
191,39,3
191,57,1
716,3,2
716,10,1
716,13,2
716,20,1
716,30,3
716,31,2
716,43,1
716,50,1
716,51,1
716,58,3
512,3,3
512,5,2
512,34,0
512,35,0
512,40,0
512,45,2
512,55,0
512,66,0
512,88,0
512,94,1
669,3,1
669,11,2
669,13,1
669,16,2
669,19,2
669,21,1
669,28,1
669,29,3
669,31,1
669,47,1
715,3,0
715,5,0
715,13,2
715,16,3
715,20,3
715,25,3
715,34,3
715,42,0
715,47,1
715,58,3
623,3,1
623,5,0
623,9,0
623,13,2
623,16,2
623,23,0
623,25,0
623,28,1
623,36,3
623,55,0
753,3,2
753,9,0
753,28,3
753,35,0
753,43,3
753,55,0
753,62,2
753,66,1
753,73,0
753,107,0
152,3,0
152,6,1
152,9,1
152,25,1
152,27,1
152,35,0
152,37,3
152,43,3
152,53,2
152,56,1
5,3,2
5,16,3
5,20,3
5,25,3
5,28,2
5,31,3
5,32,3
5,33,3
5,34,3
5,35,3
189,3,2
189,6,0
189,7,0
189,8,0
189,14,0
189,16,0
189,31,2
189,34,0
189,39,0
189,41,3
783,3,1
783,9,2
783,20,3
783,21,3
783,31,2
783,34,2
783,42,1
783,43,1
783,47,1
783,84,2
639,3,1
639,12,2
639,21,2
639,22,3
639,23,3
639,31,2
639,35,2
639,37,3
639,39,2
639,55,3
476,3,3
476,12,0
476,20,3
476,22,2
476,27,0
476,29,0
476,36,0
476,41,0
476,42,3
476,65,0
498,3,0
498,22,2
498,25,2
498,27,3
498,28,0
498,34,2
498,35,3
498,40,2
498,42,3
498,53,2
738,3,2
738,14,2
738,16,3
738,20,3
738,25,3
738,30,2
738,31,3
738,34,3
738,40,3
738,43,3
144,3,3
144,13,0
144,16,1
144,17,1
144,19,1
144,23,1
144,34,1
144,36,1
144,37,1
144,90,0
19,3,2
19,9,1
19,12,0
19,13,0
19,14,2
19,16,1
19,31,1
19,34,2
19,53,1
19,55,1
351,3,1
351,13,0
351,16,3
351,19,3
351,22,0
351,34,3
351,35,0
351,40,3
351,55,3
351,59,0
674,3,0
674,8,3
674,16,3
674,20,2
674,25,3
674,31,3
674,37,3
674,40,3
674,43,2
674,102,2
480,3,1
480,9,0
480,13,3
480,16,0
480,20,0
480,23,0
480,25,0
480,37,2
480,43,0
480,45,1
493,3,2
493,10,1
493,17,1
493,36,1
493,37,1
493,40,1
493,47,3
493,61,1
493,62,1
493,70,1
136,3,0
136,5,1
136,9,2
136,11,1
136,13,3
136,21,2
136,25,1
136,37,2
136,40,1
136,63,1
739,3,0
739,9,2
739,16,2
739,21,2
739,31,2
739,34,2
739,53,0
739,58,2
739,60,1
739,63,1
755,3,1
755,9,2
755,12,3
755,20,3
755,23,3
755,30,1
755,42,3
755,58,3
755,69,1
755,84,3
320,3,2
320,16,3
320,17,3
320,24,1
320,27,3
320,37,3
320,41,3
320,43,0
320,60,3
320,75,3
412,3,2
412,13,0
412,20,2
412,23,3
412,28,3
412,35,2
412,45,2
412,48,3
412,50,3
412,69,1
651,3,2
651,10,3
651,13,1
651,20,0
651,29,0
651,36,2
651,40,3
651,41,3
651,43,0
651,62,0
797,3,2
797,5,3
797,9,3
797,16,2
797,19,3
797,31,0
797,41,1
797,58,1
797,61,3
797,94,1
509,3,1
509,9,3
509,16,3
509,20,2
509,21,0
509,35,1
509,39,3
509,50,3
509,51,3
509,61,3
695,3,1
695,5,3
695,9,3
695,12,2
695,13,3
695,16,3
695,20,1
695,23,3
695,31,3
695,43,3
361,3,0
361,5,2
361,9,2
361,20,2
361,22,2
361,31,2
361,34,2
361,43,0
361,54,2
361,55,2
795,3,3
795,5,1
795,9,1
795,10,1
795,16,1
795,22,1
795,28,1
795,36,2
795,45,1
795,63,1
107,3,1
107,5,3
107,11,2
107,20,3
107,22,3
107,34,2
107,36,3
107,40,3
107,41,1
107,53,1
342,3,0
342,12,0
342,20,0
342,30,3
342,34,3
342,39,0
342,41,3
342,42,0
342,47,0
342,83,3
11,3,1
11,5,0
11,19,0
11,25,0
11,31,2
11,35,3
11,39,0
11,50,1
11,54,0
11,55,0
141,3,2
141,9,3
141,20,3
141,24,3
141,31,3
141,35,1
141,37,3
141,44,3
141,54,3
141,80,0
400,3,0
400,6,2
400,10,2
400,31,0
400,35,2
400,36,2
400,37,2
400,43,2
400,44,2
400,60,2
282,3,2
282,6,1
282,9,2
282,13,1
282,16,1
282,22,1
282,34,1
282,37,1
282,60,1
282,65,1
416,3,1
416,5,3
416,21,2
416,34,3
416,35,3
416,46,3
416,47,0
416,53,3
416,58,3
416,61,3
139,3,2
139,15,3
139,16,3
139,28,3
139,35,1
139,42,3
139,55,2
139,58,3
139,66,1
139,73,3
212,3,3
212,13,0
212,16,0
212,23,1
212,31,0
212,35,1
212,43,0
212,47,2
212,58,1
212,78,1
723,3,2
723,9,3
723,11,0
723,13,1
723,27,1
723,28,0
723,30,2
723,31,1
723,34,0
723,72,0
395,3,3
395,11,3
395,13,1
395,31,1
395,36,0
395,39,3
395,48,1
395,51,0
395,53,1
395,85,1
176,3,0
176,4,1
176,22,1
176,25,1
176,29,1
176,31,0
176,32,3
176,33,1
176,35,3
176,58,2
486,3,1
486,10,0
486,31,2
486,35,2
486,47,2
486,52,2
486,55,2
486,60,2
486,70,2
486,90,2
534,3,3
534,7,0
534,9,0
534,11,2
534,31,1
534,47,1
534,56,3
534,61,0
534,72,0
534,91,1
340,3,3
340,16,1
340,25,1
340,35,2
340,36,1
340,37,1
340,47,3
340,53,2
340,72,0
340,81,1
710,3,2
710,9,3
710,16,3
710,20,0
710,23,3
710,28,2
710,34,3
710,35,2
710,43,3
710,58,1
610,3,3
610,13,2
610,14,0
610,16,1
610,20,2
610,28,3
610,39,1
610,45,3
610,61,1
610,66,1
461,3,2
461,8,3
461,17,3
461,22,3
461,35,0
461,39,3
461,43,1
461,50,3
461,53,1
461,54,3
161,3,0
161,9,2
161,10,0
161,13,3
161,16,2
161,21,0
161,35,3
161,42,3
161,43,2
161,54,2
677,3,0
677,13,0
677,19,1
677,25,1
677,35,0
677,42,1
677,54,1
677,55,1
677,56,3
677,58,1
472,3,2
472,9,0
472,13,3
472,16,1
472,20,0
472,21,3
472,35,1
472,39,1
472,43,2
472,53,3
143,3,2
143,13,0
143,17,0
143,31,1
143,34,0
143,44,0
143,50,0
143,56,0
143,77,1
143,90,0
790,3,2
790,9,0
790,20,0
790,21,2
790,22,0
790,30,3
790,41,0
790,43,0
790,54,0
790,66,2
582,3,3
582,8,1
582,10,1
582,13,3
582,16,1
582,23,1
582,39,2
582,43,1
582,51,1
582,76,1
502,3,0
502,6,1
502,9,0
502,13,2
502,16,2
502,19,2
502,23,2
502,30,0
502,35,0
502,53,3
681,3,3
681,8,0
681,12,3
681,13,3
681,14,0
681,22,0
681,28,2
681,35,0
681,51,0
681,59,2
513,3,1
513,10,0
513,20,2
513,22,0
513,25,0
513,28,2
513,31,0
513,40,0
513,43,0
513,63,0
609,3,2
609,9,0
609,12,0
609,16,1
609,22,0
609,34,0
609,35,0
609,43,0
609,47,0
609,58,0
38,3,1
38,11,0
38,16,2
38,17,2
38,19,2
38,22,2
38,29,0
38,31,0
38,34,2
38,61,2
127,3,1
127,8,3
127,16,3
127,20,1
127,25,3
127,31,3
127,35,2
127,40,3
127,58,1
127,91,0
397,3,1
397,8,2
397,9,2
397,13,0
397,15,2
397,26,2
397,35,2
397,41,3
397,44,2
397,63,2
782,3,0
782,6,2
782,20,3
782,22,3
782,25,2
782,29,3
782,43,2
782,54,2
782,58,0
782,73,2
28,3,3
28,13,2
28,14,2
28,19,2
28,20,0
28,27,2
28,29,0
28,40,2
28,43,2
28,51,2
807,3,1
807,9,0
807,12,1
807,13,3
807,20,2
807,25,0
807,28,0
807,34,0
807,43,3
807,53,2
60,3,0
60,9,2
60,12,3
60,34,2
60,39,3
60,50,3
60,53,3
60,54,2
60,80,0
60,81,0
226,3,1
226,8,2
226,9,2
226,15,2
226,16,2
226,21,3
226,31,2
226,40,2
226,50,2
226,62,2
180,3,0
180,4,2
180,13,0
180,19,3
180,23,3
180,26,3
180,35,2
180,48,3
180,56,3
180,60,3
96,3,0
96,5,1
96,10,2
96,15,1
96,19,2
96,25,2
96,35,0
96,48,2
96,49,3
96,83,2
91,3,3
91,5,1
91,20,2
91,22,1
91,29,3
91,30,3
91,31,1
91,35,1
91,56,1
91,81,1
82,3,1
82,9,2
82,20,2
82,22,2
82,29,0
82,35,2
82,40,2
82,61,2
82,69,2
82,88,2
751,3,3
751,16,0
751,20,0
751,22,0
751,28,0
751,30,0
751,35,0
751,36,1
751,58,0
751,66,1
746,3,2
746,5,3
746,9,3
746,10,3
746,20,0
746,31,0
746,40,3
746,41,2
746,58,3
746,73,3
29,3,0
29,12,3
29,13,0
29,31,3
29,34,3
29,35,2
29,47,3
29,56,3
29,60,2
29,68,3
467,3,3
467,4,1
467,13,1
467,17,2
467,20,2
467,34,3
467,43,0
467,53,1
467,69,2
467,85,2
151,3,1
151,11,1
151,13,0
151,15,2
151,25,3
151,31,2
151,34,3
151,36,3
151,68,1
151,88,3
662,3,3
662,16,2
662,21,0
662,25,2
662,28,1
662,34,2
662,35,3
662,36,2
662,39,2
662,43,1
772,3,2
772,8,2
772,9,1
772,22,1
772,25,1
772,27,1
772,34,1
772,35,2
772,40,1
772,88,2
384,3,2
384,9,3
384,13,0
384,28,2
384,34,3
384,41,2
384,50,3
384,61,3
384,63,3
384,94,3
708,3,2
708,6,3
708,9,3
708,12,2
708,16,3
708,20,3
708,29,3
708,34,3
708,53,1
708,59,0
173,3,3
173,8,1
173,19,1
173,20,3
173,29,2
173,35,0
173,40,1
173,43,1
173,55,1
173,73,1
507,3,0
507,8,2
507,14,2
507,16,2
507,34,2
507,35,0
507,43,3
507,51,2
507,54,2
507,55,2
646,3,0
646,9,2
646,13,3
646,14,3
646,16,3
646,31,3
646,35,3
646,37,3
646,43,3
646,45,2
656,3,1
656,20,3
656,21,1
656,25,3
656,26,3
656,29,3
656,43,0
656,54,3
656,58,2
656,61,3
411,3,3
411,10,1
411,11,2
411,13,0
411,19,1
411,25,1
411,42,3
411,58,1
411,62,1
411,66,3
670,3,3
670,10,2
670,11,1
670,14,2
670,22,2
670,23,2
670,25,2
670,29,3
670,35,1
670,55,2
591,3,2
591,6,1
591,11,1
591,13,3
591,16,1
591,22,1
591,31,3
591,45,1
591,53,1
591,73,1
76,3,0
76,13,3
76,15,0
76,16,3
76,17,3
76,22,3
76,32,2
76,37,3
76,44,3
76,68,3
741,3,3
741,9,0
741,12,0
741,16,0
741,31,0
741,35,2
741,42,3
741,43,0
741,58,1
741,72,0
781,3,2
781,13,0
781,16,1
781,20,1
781,30,0
781,35,1
781,43,1
781,45,1
781,47,0
781,58,0
706,3,2
706,9,2
706,11,0
706,12,0
706,16,0
706,31,1
706,37,0
706,41,0
706,43,0
706,53,0
371,3,3
371,8,0
371,9,0
371,16,0
371,20,3
371,21,2
371,35,2
371,39,1
371,41,2
371,54,0
789,3,1
789,9,0
789,11,3
789,13,0
789,16,3
789,28,0
789,35,2
789,36,0
789,62,1
789,66,3
501,3,1
501,13,3
501,15,1
501,20,0
501,27,0
501,34,0
501,40,0
501,50,0
501,56,3
501,77,3
470,3,1
470,7,3
470,12,0
470,17,1
470,29,3
470,39,2
470,47,0
470,55,0
470,61,3
470,85,3
787,3,0
787,9,1
787,16,1
787,23,1
787,30,2
787,31,1
787,34,1
787,35,1
787,42,2
787,61,1
701,3,1
701,9,2
701,20,3
701,40,2
701,41,2
701,47,3
701,51,0
701,59,1
701,66,2
701,94,2
33,3,1
33,9,0
33,11,0
33,16,0
33,19,0
33,21,0
33,25,0
33,34,0
33,41,0
33,58,2
630,3,1
630,13,1
630,14,2
630,15,0
630,31,1
630,34,2
630,35,2
630,43,2
630,61,3
630,73,0
771,3,3
771,20,1
771,30,2
771,47,0
771,50,2
771,55,2
771,61,2
771,66,3
771,73,2
771,88,2
293,3,2
293,4,3
293,16,3
293,20,1
293,25,3
293,28,0
293,30,1
293,36,2
293,41,3
293,50,3
533,3,0
533,5,3
533,10,3
533,13,0
533,16,3
533,34,3
533,37,1
533,47,3
533,53,3
533,57,2
636,3,1
636,8,3
636,13,1
636,21,3
636,25,3
636,28,0
636,31,3
636,35,3
636,43,1
636,59,3
465,3,3
465,12,3
465,13,0
465,16,2
465,22,2
465,28,1
465,34,2
465,41,0
465,43,1
465,47,0
804,3,1
804,8,2
804,9,0
804,11,2
804,12,3
804,14,3
804,22,2
804,29,2
804,54,2
804,88,2
316,3,0
316,11,1
316,16,1
316,19,1
316,20,1
316,21,1
316,22,1
316,25,1
316,34,1
316,40,1
54,3,3
54,8,0
54,9,0
54,12,1
54,16,2
54,23,0
54,28,0
54,34,1
54,35,2
54,43,0
48,3,3
48,13,2
48,14,2
48,23,2
48,31,1
48,34,2
48,35,1
48,41,0
48,47,2
48,61,2
749,3,0
749,10,0
749,13,0
749,16,2
749,21,1
749,31,2
749,34,2
749,45,0
749,63,1
749,66,2
101,3,1
101,17,2
101,23,2
101,27,2
101,34,2
101,35,2
101,36,2
101,47,1
101,55,2
101,75,2
803,3,1
803,9,0
803,16,2
803,21,0
803,28,2
803,29,2
803,31,3
803,35,0
803,42,3
803,55,2
170,3,2
170,13,0
170,16,1
170,20,1
170,24,1
170,34,0
170,36,1
170,50,1
170,54,1
170,93,1
659,3,1
659,9,3
659,12,0
659,16,2
659,20,0
659,22,3
659,25,3
659,34,3
659,43,3
659,59,3
98,3,0
98,8,2
98,12,2
98,15,1
98,35,0
98,44,2
98,55,2
98,58,1
98,68,1
98,79,0
506,3,3
506,4,2
506,5,1
506,9,1
506,11,1
506,20,0
506,26,1
506,30,2
506,31,0
506,43,1
690,3,1
690,9,3
690,13,2
690,16,3
690,21,0
690,22,3
690,25,3
690,47,3
690,53,3
690,73,3
526,3,1
526,9,0
526,25,0
526,31,1
526,35,0
526,39,0
526,49,1
526,53,2
526,67,0
526,73,0
313,3,2
313,6,2
313,13,2
313,16,3
313,20,3
313,21,3
313,36,0
313,40,3
313,41,2
313,52,3
401,3,0
401,16,3
401,17,3
401,22,3
401,23,3
401,34,1
401,40,3
401,41,3
401,52,3
401,104,3
251,3,3
251,4,1
251,7,1
251,9,1
251,13,0
251,16,1
251,34,1
251,40,1
251,43,3
251,60,1
55,3,3
55,4,0
55,12,2
55,14,2
55,34,2
55,35,2
55,36,1
55,43,2
55,77,2
55,78,0
338,3,2
338,10,0
338,15,2
338,20,3
338,22,0
338,31,1
338,40,0
338,41,0
338,48,0
338,53,1
735,3,1
735,5,1
735,9,0
735,16,2
735,20,2
735,25,2
735,37,2
735,40,2
735,42,0
735,58,1
192,3,0
192,12,2
192,13,1
192,16,3
192,20,3
192,21,2
192,26,0
192,37,2
192,41,3
192,55,2
167,3,2
167,12,0
167,13,2
167,19,0
167,20,0
167,25,0
167,35,0
167,37,1
167,39,3
167,49,1
455,3,0
455,13,1
455,15,2
455,16,3
455,20,3
455,22,3
455,27,1
455,29,0
455,37,3
455,47,2
605,3,0
605,15,2
605,22,2
605,25,2
605,29,0
605,35,3
605,40,2
605,42,3
605,43,2
605,61,2
770,3,0
770,5,3
770,9,3
770,12,3
770,21,1
770,31,3
770,34,3
770,35,3
770,53,3
770,58,1
647,3,1
647,6,2
647,10,0
647,21,3
647,23,0
647,25,0
647,31,3
647,34,0
647,39,0
647,40,0
306,3,3
306,9,1
306,14,1
306,31,1
306,49,1
306,51,0
306,55,1
306,56,0
306,61,1
306,65,1
515,3,0
515,9,0
515,11,1
515,13,0
515,16,1
515,19,1
515,22,1
515,51,1
515,53,0
515,94,1
206,3,2
206,5,3
206,9,0
206,13,3
206,19,3
206,34,3
206,39,2
206,53,3
206,61,3
206,90,3
487,3,1
487,9,0
487,22,3
487,25,3
487,31,1
487,35,3
487,41,3
487,43,0
487,57,3
487,95,3
238,3,1
238,6,0
238,22,2
238,31,2
238,35,2
238,37,2
238,40,2
238,60,2
238,85,2
238,90,2
458,3,2
458,6,1
458,9,0
458,10,0
458,12,3
458,34,0
458,40,0
458,42,0
458,43,0
458,60,1
190,3,1
190,9,1
190,25,3
190,37,3
190,40,3
190,43,3
190,55,3
190,56,3
190,61,3
190,68,3
622,3,3
622,9,2
622,14,2
622,16,2
622,20,2
622,25,2
622,34,2
622,41,2
622,51,2
622,59,2
793,3,0
793,5,2
793,9,0
793,13,2
793,22,2
793,31,2
793,35,2
793,41,2
793,47,1
793,58,2
742,3,0
742,5,2
742,13,0
742,28,1
742,29,1
742,34,0
742,40,2
742,41,2
742,42,1
742,58,1
621,3,2
621,21,0
621,23,0
621,30,3
621,31,1
621,35,0
621,41,0
621,50,0
621,54,0
621,59,0
239,3,0
239,9,1
239,15,1
239,27,1
239,28,2
239,35,1
239,37,1
239,44,1
239,58,3
239,95,2
221,3,0
221,8,3
221,10,3
221,19,3
221,20,3
221,35,3
221,41,1
221,47,0
221,68,3
221,70,2
571,3,0
571,21,3
571,31,2
571,34,2
571,50,3
571,55,2
571,58,2
571,63,1
571,69,1
571,94,2
737,3,0
737,16,1
737,21,3
737,31,3
737,35,1
737,41,1
737,54,1
737,63,1
737,66,3
737,109,1
721,3,3
721,9,2
721,11,2
721,21,2
721,25,2
721,28,3
721,41,1
721,47,0
721,62,1
721,84,2
769,3,0
769,9,3
769,16,3
769,22,3
769,25,3
769,28,0
769,58,3
769,60,0
769,73,3
769,94,2
454,3,1
454,9,2
454,13,1
454,16,2
454,18,1
454,20,3
454,22,2
454,39,2
454,40,2
454,47,0
691,3,0
691,5,3
691,9,3
691,13,1
691,20,3
691,31,1
691,41,3
691,43,3
691,53,1
691,87,3
692,3,2
692,9,0
692,13,0
692,22,0
692,27,3
692,34,0
692,35,0
692,42,0
692,43,0
692,51,0
356,3,2
356,13,1
356,20,3
356,35,0
356,42,3
356,44,0
356,51,0
356,54,0
356,62,3
356,73,0
346,3,1
346,9,2
346,11,2
346,17,2
346,31,2
346,34,2
346,41,2
346,45,1
346,54,2
346,71,3
355,3,2
355,5,3
355,9,0
355,19,3
355,28,0
355,29,3
355,35,2
355,40,3
355,53,0
355,99,2
618,3,3
618,13,2
618,15,1
618,19,1
618,20,1
618,44,1
618,50,1
618,55,1
618,56,1
618,60,1
702,3,1
702,14,3
702,16,1
702,20,2
702,21,0
702,31,3
702,37,3
702,41,1
702,42,3
702,61,3
654,3,2
654,8,1
654,13,3
654,29,0
654,31,1
654,37,1
654,41,3
654,43,1
654,55,1
654,58,1
748,3,2
748,9,0
748,10,3
748,11,0
748,16,0
748,20,0
748,31,0
748,34,0
748,55,1
748,66,0
30,3,3
30,5,2
30,10,1
30,20,1
30,22,1
30,27,1
30,31,1
30,35,1
30,41,1
30,59,3
745,3,0
745,8,3
745,9,0
745,13,3
745,21,3
745,30,3
745,53,2
745,58,0
745,66,1
745,84,3
550,3,3
550,9,3
550,13,3
550,14,0
550,23,2
550,35,3
550,39,2
550,40,2
550,47,2
550,61,2
364,3,1
364,9,3
364,16,3
364,20,2
364,22,3
364,29,2
364,30,0
364,42,3
364,55,3
364,88,0
685,3,2
685,7,1
685,10,1
685,17,1
685,20,1
685,22,1
685,42,1
685,43,1
685,47,0
685,60,1
724,3,0
724,10,2
724,13,1
724,16,2
724,20,3
724,22,2
724,34,2
724,47,0
724,59,2
724,66,2
481,3,2
481,7,1
481,9,1
481,13,3
481,20,0
481,25,1
481,40,1
481,42,1
481,50,1
481,55,1
606,3,0
606,6,0
606,16,1
606,25,1
606,31,1
606,35,0
606,36,1
606,47,1
606,54,1
606,90,1
699,3,3
699,6,0
699,13,3
699,16,0
699,18,0
699,25,0
699,31,0
699,36,0
699,45,2
699,73,0
572,3,3
572,10,1
572,13,1
572,15,3
572,22,1
572,26,0
572,31,2
572,40,1
572,43,3
572,56,2
133,3,2
133,12,2
133,16,1
133,31,3
133,35,1
133,43,2
133,61,1
133,63,1
133,76,1
133,83,3
381,3,2
381,16,3
381,19,3
381,20,3
381,23,3
381,34,3
381,39,1
381,58,1
381,69,1
381,82,3
767,3,0
767,10,3
767,13,1
767,28,2
767,29,3
767,34,1
767,43,1
767,50,1
767,58,1
767,59,2
203,3,1
203,6,1
203,9,2
203,10,2
203,11,2
203,16,2
203,19,2
203,37,1
203,49,2
203,70,2
186,4,2
186,10,2
186,14,0
186,28,1
186,29,1
186,37,2
186,40,2
186,58,3
186,61,2
186,77,1
466,4,0
466,12,0
466,14,3
466,20,3
466,22,0
466,23,0
466,39,0
466,40,0
466,56,0
466,86,3
583,4,3
583,10,3
583,22,0
583,30,2
583,31,1
583,34,3
583,39,0
583,40,3
583,50,3
583,55,1
375,4,2
375,13,2
375,16,2
375,19,2
375,21,3
375,23,2
375,31,2
375,40,2
375,43,3
375,55,1
600,4,1
600,11,0
600,16,1
600,22,1
600,28,3
600,29,0
600,34,1
600,39,2
600,41,0
600,61,1
72,4,3
72,8,3
72,9,3
72,16,2
72,31,3
72,35,0
72,37,3
72,40,3
72,43,2
72,55,3
439,4,1
439,10,2
439,13,0
439,33,1
439,41,1
439,51,1
439,54,1
439,55,2
439,61,1
439,85,1
599,4,0
599,13,1
599,16,2
599,31,0
599,34,0
599,41,3
599,58,0
599,60,0
599,61,0
599,76,0
245,4,3
245,6,1
245,23,3
245,35,0
245,39,3
245,41,3
245,43,3
245,44,3
245,47,0
245,76,1
26,4,1
26,16,3
26,20,0
26,22,3
26,31,0
26,34,3
26,47,2
26,49,2
26,53,3
26,58,3
52,4,1
52,11,2
52,12,2
52,13,3
52,20,1
52,39,2
52,40,2
52,42,2
52,47,2
52,56,0
570,4,1
570,9,1
570,28,2
570,34,2
570,42,3
570,43,3
570,47,1
570,59,2
570,73,2
570,107,2
613,4,3
613,22,0
613,31,0
613,39,0
613,40,0
613,41,0
613,43,1
613,61,0
613,63,0
613,108,1
620,4,2
620,12,0
620,13,1
620,16,0
620,37,0
620,43,3
620,47,0
620,48,0
620,51,0
620,54,0
462,4,0
462,6,2
462,9,3
462,14,2
462,17,3
462,34,3
462,39,0
462,54,3
462,60,3
462,63,3
468,4,1
468,10,2
468,14,2
468,20,3
468,23,2
468,39,3
468,41,0
468,42,1
468,56,2
468,58,2
624,4,2
624,22,3
624,28,3
624,31,1
624,35,1
624,37,1
624,40,1
624,41,1
624,42,1
624,57,1
422,4,2
422,5,3
422,15,0
422,20,2
422,22,3
422,43,3
422,48,3
422,56,3
422,63,1
422,74,3
286,4,1
286,6,1
286,21,0
286,31,3
286,35,2
286,37,2
286,39,1
286,40,2
286,55,2
286,58,1
261,4,0
261,11,3
261,13,3
261,21,3
261,25,1
261,40,1
261,41,3
261,52,1
261,76,3
261,90,0
35,4,0
35,14,3
35,20,0
35,23,3
35,25,3
35,26,3
35,36,1
35,53,1
35,56,0
35,70,3
194,4,1
194,12,2
194,17,2
194,20,3
194,23,0
194,31,1
194,40,0
194,56,2
194,60,3
194,76,3
207,4,0
207,9,1
207,10,1
207,13,2
207,23,1
207,37,2
207,39,1
207,40,1
207,58,2
207,60,3
438,5,3
438,10,0
438,13,0
438,20,3
438,22,3
438,29,3
438,47,3
438,50,3
438,54,3
438,58,3
504,5,0
504,11,0
504,21,3
504,31,0
504,34,0
504,37,0
504,47,2
504,51,0
504,52,0
504,99,3
557,5,3
557,9,1
557,17,3
557,20,3
557,21,0
557,22,3
557,31,2
557,35,3
557,65,2
557,67,3
131,5,0
131,28,1
131,31,0
131,34,0
131,49,0
131,57,0
131,58,0
131,59,0
131,72,3
131,90,0
280,5,3
280,9,1
280,10,2
280,13,0
280,20,3
280,31,3
280,48,3
280,50,3
280,62,0
280,63,3
373,5,2
373,14,3
373,20,2
373,21,2
373,23,2
373,25,2
373,29,0
373,40,2
373,63,0
373,85,2
585,5,2
585,8,2
585,15,2
585,17,2
585,29,0
585,35,1
585,37,2
585,40,2
585,41,2
585,56,2
784,5,3
784,9,3
784,13,1
784,16,3
784,20,3
784,28,2
784,29,2
784,31,3
784,35,1
784,54,3
92,5,0
92,9,0
92,13,1
92,14,0
92,23,0
92,34,0
92,35,0
92,43,0
92,47,0
92,58,3
255,5,2
255,9,2
255,10,2
255,13,3
255,20,3
255,21,1
255,23,2
255,36,3
255,41,2
255,53,3
551,5,0
551,8,0
551,9,2
551,10,0
551,13,2
551,23,0
551,27,1
551,31,0
551,37,0
551,42,0
780,5,2
780,16,2
780,30,2
780,35,2
780,43,1
780,55,0
780,59,3
780,61,2
780,63,1
780,73,2
225,5,0
225,9,1
225,12,0
225,14,0
225,16,0
225,23,0
225,31,0
225,34,0
225,37,2
225,49,2
598,5,2
598,8,2
598,9,2
598,13,0
598,20,3
598,23,2
598,31,1
598,50,0
598,54,2
598,71,2
726,5,3
726,6,3
726,13,2
726,34,2
726,39,3
726,42,1
726,43,0
726,45,2
726,47,2
726,54,3
39,5,3
39,8,3
39,9,3
39,13,1
39,20,3
39,22,3
39,23,3
39,25,3
39,41,0
39,72,3
134,5,3
134,9,3
134,13,1
134,16,3
134,21,3
134,25,3
134,47,1
134,58,3
134,61,3
134,92,3
500,5,2
500,9,2
500,11,2
500,13,0
500,14,2
500,21,1
500,22,2
500,28,1
500,39,2
500,59,2
204,5,1
204,13,1
204,16,1
204,31,1
204,35,3
204,40,1
204,41,1
204,43,1
204,54,1
204,59,2
182,5,3
182,6,2
182,10,2
182,13,0
182,17,3
182,35,1
182,43,1
182,47,0
182,53,2
182,72,2
187,5,3
187,8,3
187,13,1
187,14,2
187,16,3
187,40,3
187,56,3
187,67,3
187,77,1
187,96,3
794,5,3
794,9,3
794,13,0
794,21,2
794,25,3
794,29,1
794,30,1
794,34,3
794,45,3
794,66,0
47,5,1
47,9,1
47,11,2
47,17,1
47,26,1
47,31,2
47,34,1
47,40,1
47,49,1
47,55,1
558,5,3
558,12,3
558,13,0
558,17,3
558,19,3
558,22,3
558,25,3
558,37,3
558,43,1
558,54,3
687,5,3
687,13,0
687,16,3
687,28,1
687,31,3
687,34,3
687,35,2
687,40,3
687,45,2
687,94,1
800,5,3
800,10,1
800,13,1
800,16,0
800,20,3
800,21,3
800,23,3
800,29,0
800,34,3
800,66,1
260,5,2
260,9,2
260,12,0
260,13,1
260,16,2
260,22,2
260,31,1
260,37,2
260,50,2
260,81,2
200,5,3
200,16,0
200,20,3
200,22,3
200,25,3
200,31,3
200,34,3
200,35,1
200,43,1
200,52,3
37,5,3
37,16,3
37,23,3
37,28,0
37,29,0
37,31,3
37,35,3
37,40,3
37,42,2
37,58,2
376,5,0
376,6,0
376,11,0
376,16,0
376,22,0
376,35,1
376,43,0
376,47,0
376,50,0
376,52,0
440,5,0
440,13,3
440,15,1
440,20,0
440,21,1
440,25,0
440,58,0
440,65,0
440,66,0
440,106,0
535,5,3
535,6,3
535,7,3
535,34,3
535,35,3
535,40,3
535,43,3
535,44,3
535,50,3
535,55,3
671,5,2
671,6,3
671,8,2
671,13,0
671,20,0
671,21,3
671,27,2
671,34,2
671,43,2
671,54,2
516,5,3
516,12,1
516,13,1
516,20,2
516,21,1
516,28,0
516,31,3
516,39,3
516,66,3
516,73,3
243,5,1
243,6,1
243,9,1
243,13,0
243,14,2
243,15,1
243,23,1
243,43,0
243,52,2
243,85,1
495,5,2
495,11,0
495,15,2
495,25,2
495,31,3
495,34,2
495,41,3
495,45,3
495,60,2
495,61,2
177,5,0
177,12,3
177,21,3
177,23,0
177,29,1
177,31,0
177,36,0
177,37,0
177,65,0
177,73,0
798,5,0
798,11,0
798,20,2
798,21,0
798,22,0
798,29,2
798,31,1
798,55,0
798,94,0
798,109,2
543,5,0
543,7,0
543,9,0
543,16,0
543,20,0
543,40,0
543,41,2
543,50,0
543,54,0
543,55,3
775,5,2
775,6,1
775,8,2
775,9,2
775,11,2
775,20,2
775,42,2
775,47,1
775,55,2
775,107,2
447,5,0
447,10,0
447,19,0
447,25,0
447,35,0
447,43,0
447,45,1
447,62,0
447,73,0
447,84,0
488,5,0
488,13,2
488,15,2
488,23,0
488,36,1
488,37,0
488,39,3
488,45,1
488,50,0
488,56,3
694,5,3
694,9,3
694,10,3
694,13,1
694,20,3
694,23,3
694,31,2
694,35,2
694,40,3
694,42,2
247,5,2
247,8,2
247,11,2
247,20,2
247,23,2
247,31,2
247,35,3
247,43,2
247,55,2
247,58,2
573,5,3
573,11,3
573,15,1
573,16,3
573,25,3
573,40,3
573,41,2
573,43,2
573,59,3
573,62,3
596,5,1
596,13,2
596,16,1
596,17,3
596,23,1
596,31,1
596,39,1
596,51,2
596,53,0
596,56,1
262,5,2
262,13,2
262,16,0
262,22,2
262,31,1
262,40,2
262,43,3
262,47,0
262,62,2
262,89,1
336,5,2
336,13,3
336,14,3
336,16,2
336,22,3
336,41,2
336,45,0
336,69,3
336,90,2
336,94,2
727,5,3
727,9,3
727,11,2
727,13,1
727,20,3
727,21,3
727,22,3
727,34,3
727,42,1
727,43,2
56,5,1
56,9,1
56,12,0
56,22,1
56,35,0
56,36,1
56,37,1
56,41,1
56,45,0
56,79,3
122,5,2
122,20,2
122,22,2
122,25,2
122,28,0
122,41,2
122,43,2
122,47,2
122,72,3
122,75,3
734,5,2
734,9,0
734,11,0
734,13,3
734,20,0
734,28,2
734,31,0
734,35,3
734,45,1
734,73,0
757,5,2
757,9,1
757,10,2
757,12,0
757,16,1
757,21,3
757,22,1
757,41,1
757,42,1
757,61,1
564,5,3
564,16,1
564,25,2
564,29,1
564,31,2
564,35,2
564,41,2
564,43,3
564,58,2
564,76,3
112,5,2
112,9,0
112,11,0
112,13,0
112,17,0
112,20,0
112,21,3
112,36,2
112,41,1
112,50,1
69,5,0
69,13,1
69,17,2
69,23,2
69,34,2
69,35,1
69,40,2
69,58,2
69,70,2
69,85,2
649,5,1
649,16,3
649,20,1
649,28,2
649,35,1
649,41,3
649,42,3
649,43,1
649,47,2
649,73,3
640,5,2
640,8,0
640,9,3
640,13,2
640,17,0
640,20,3
640,31,2
640,55,1
640,58,0
640,84,3
291,5,2
291,6,3
291,16,3
291,17,3
291,20,3
291,34,3
291,39,2
291,61,3
291,84,3
291,88,0
378,6,2
378,9,3
378,13,0
378,14,2
378,17,2
378,23,2
378,29,2
378,41,2
378,43,2
378,50,1
743,6,3
743,20,3
743,22,0
743,31,2
743,35,3
743,43,2
743,51,3
743,58,3
743,72,3
743,73,3
547,6,3
547,12,3
547,13,3
547,16,3
547,20,1
547,29,2
547,31,3
547,35,3
547,44,3
547,58,2
117,6,2
117,9,2
117,12,1
117,13,0
117,17,2
117,28,1
117,40,2
117,47,0
117,49,1
117,63,0
494,6,3
494,10,3
494,20,3
494,28,1
494,31,1
494,35,1
494,40,3
494,44,3
494,45,2
494,102,1
379,6,2
379,12,2
379,20,1
379,21,0
379,28,3
379,35,2
379,43,2
379,89,0
379,90,2
379,99,3
114,6,2
114,12,0
114,13,3
114,14,2
114,20,2
114,22,2
114,23,2
114,25,2
114,36,2
114,47,1
104,6,2
104,10,2
104,14,2
104,20,1
104,22,1
104,25,2
104,42,3
104,56,0
104,66,1
104,72,3
431,6,3
431,7,3
431,26,1
431,27,2
431,35,3
431,43,3
431,56,3
431,65,3
431,70,0
431,77,3
689,6,3
689,11,3
689,13,2
689,16,1
689,20,3
689,31,3
689,35,0
689,36,2
689,42,1
689,73,3
421,6,3
421,12,0
421,15,3
421,22,3
421,25,3
421,34,0
421,41,3
421,42,1
421,43,0
421,71,3
521,6,0
521,8,0
521,15,3
521,23,0
521,31,1
521,35,1
521,43,2
521,50,2
521,56,0
521,59,0
587,6,1
587,9,1
587,13,1
587,35,2
587,37,1
587,41,1
587,42,1
587,43,1
587,58,1
587,79,2
758,6,3
758,9,3
758,16,3
758,25,3
758,30,3
758,31,0
758,34,3
758,41,3
758,58,0
758,61,3
683,6,2
683,11,2
683,21,2
683,25,2
683,31,3
683,34,2
683,35,2
683,45,0
683,54,2
683,69,2
565,6,2
565,9,2
565,13,1
565,16,0
565,28,0
565,31,0
565,34,2
565,35,3
565,40,2
565,50,0
601,6,0
601,9,1
601,20,1
601,21,2
601,22,1
601,37,1
601,39,1
601,47,1
601,53,1
601,84,1
389,6,0
389,7,2
389,9,2
389,10,2
389,16,2
389,20,2
389,21,1
389,28,2
389,34,2
389,40,2
698,6,2
698,10,0
698,13,3
698,25,0
698,28,0
698,31,2
698,42,3
698,43,0
698,51,0
698,59,0
254,6,2
254,10,3
254,24,3
254,31,3
254,34,3
254,36,3
254,40,3
254,45,3
254,47,1
254,71,3
294,6,1
294,9,2
294,14,2
294,15,1
294,16,2
294,20,2
294,28,2
294,45,3
294,49,2
294,52,2
299,6,1
299,9,3
299,23,0
299,31,0
299,34,0
299,35,0
299,36,0
299,42,1
299,47,0
299,58,2
697,6,1
697,14,2
697,15,2
697,21,2
697,23,2
697,25,2
697,31,1
697,58,3
697,73,2
697,94,2
14,6,0
14,9,3
14,12,0
14,16,1
14,35,1
14,36,1
14,44,1
14,56,2
14,57,1
14,58,2
608,6,0
608,9,1
608,10,0
608,13,0
608,15,2
608,31,0
608,35,2
608,40,1
608,43,3
608,63,0
736,6,0
736,9,2
736,13,3
736,16,2
736,31,2
736,34,2
736,35,2
736,36,0
736,53,2
736,66,2
785,6,1
785,11,1
785,12,0
785,19,0
785,20,0
785,21,2
785,22,0
785,29,0
785,35,0
785,45,0
806,6,2
806,9,2
806,20,2
806,29,0
806,34,3
806,35,1
806,43,2
806,62,0
806,72,3
806,73,3
248,7,2
248,13,2
248,19,2
248,29,0
248,31,1
248,35,3
248,40,2
248,43,2
248,47,3
248,94,2
607,7,0
607,8,0
607,9,0
607,12,1
607,17,0
607,20,0
607,25,0
607,41,3
607,54,0
607,55,0
732,7,3
732,13,0
732,16,3
732,29,1
732,31,3
732,35,3
732,41,1
732,43,0
732,53,1
732,60,0
405,7,2
405,9,2
405,13,0
405,16,2
405,23,2
405,35,2
405,40,2
405,41,2
405,43,2
405,58,2
215,7,0
215,12,1
215,13,3
215,18,1
215,23,0
215,31,3
215,37,0
215,43,2
215,51,0
215,61,0
584,7,3
584,12,3
584,16,1
584,20,3
584,22,3
584,40,3
584,41,3
584,43,3
584,61,3
584,77,0
228,7,2
228,13,3
228,19,2
228,22,2
228,23,2
228,25,2
228,28,1
228,37,2
228,40,2
228,55,2
253,7,2
253,13,0
253,22,0
253,41,2
253,48,2
253,55,0
253,65,2
253,71,3
253,75,0
253,77,2
392,7,1
392,19,1
392,24,1
392,25,1
392,34,3
392,40,1
392,47,3
392,54,1
392,72,2
392,91,0
720,7,1
720,9,1
720,13,0
720,14,1
720,20,2
720,31,0
720,35,1
720,43,0
720,54,1
720,73,1
665,7,1
665,13,2
665,20,0
665,22,1
665,34,0
665,40,1
665,51,1
665,53,3
665,66,2
665,73,1
491,7,3
491,9,1
491,11,3
491,14,3
491,15,3
491,22,3
491,31,3
491,43,1
491,60,3
491,61,3
244,8,1
244,12,1
244,17,1
244,31,1
244,47,1
244,53,2
244,56,1
244,62,1
244,69,0
244,86,0
588,8,1
588,20,0
588,21,2
588,23,1
588,24,1
588,25,1
588,28,3
588,35,1
588,43,2
588,61,1
129,8,2
129,9,2
129,12,1
129,13,2
129,16,2
129,23,2
129,31,3
129,34,2
129,35,2
129,47,3
50,8,1
50,9,1
50,23,1
50,27,3
50,31,3
50,35,1
50,37,1
50,43,3
50,50,0
50,67,1
59,8,1
59,10,0
59,11,1
59,23,1
59,25,1
59,26,1
59,41,0
59,50,1
59,51,1
59,53,3
437,8,3
437,9,0
437,13,0
437,16,3
437,20,2
437,30,0
437,31,1
437,32,2
437,43,3
437,53,3
140,8,0
140,10,3
140,11,0
140,13,2
140,28,2
140,31,0
140,34,0
140,37,0
140,41,0
140,53,0
278,8,2
278,9,0
278,16,3
278,20,1
278,25,2
278,34,0
278,37,2
278,43,2
278,49,0
278,51,2
578,8,3
578,15,1
578,23,3
578,28,3
578,30,0
578,31,0
578,35,3
578,42,2
578,43,2
578,56,3
314,8,0
314,9,0
314,11,3
314,16,1
314,19,0
314,28,0
314,31,1
314,37,0
314,54,0
314,55,0
616,8,0
616,13,1
616,15,0
616,16,0
616,20,3
616,28,0
616,37,0
616,47,0
616,53,2
616,66,0
132,8,1
132,17,3
132,22,1
132,28,3
132,35,2
132,36,1
132,52,0
132,55,2
132,57,1
132,62,2
483,8,3
483,13,2
483,15,2
483,16,0
483,23,3
483,31,2
483,35,3
483,39,0
483,43,3
483,57,3
172,8,2
172,13,1
172,14,2
172,22,1
172,31,0
172,35,3
172,37,2
172,39,2
172,56,0
172,76,0
446,8,3
446,9,3
446,13,1
446,20,1
446,21,1
446,23,3
446,34,1
446,43,3
446,55,3
446,56,3
711,8,1
711,21,3
711,22,1
711,23,1
711,28,3
711,47,0
711,50,1
711,51,2
711,66,0
711,72,1
576,8,0
576,9,0
576,10,1
576,23,0
576,34,0
576,37,0
576,41,0
576,56,0
576,65,0
576,76,0
67,8,2
67,9,2
67,11,2
67,13,3
67,22,1
67,36,2
67,43,3
67,55,3
67,62,0
67,73,0
181,8,3
181,9,0
181,10,1
181,15,3
181,16,3
181,23,3
181,31,1
181,53,3
181,80,1
181,81,2
473,8,1
473,13,3
473,20,3
473,22,2
473,36,1
473,37,1
473,40,1
473,43,3
473,55,1
473,59,1
160,8,0
160,13,1
160,16,1
160,21,2
160,31,1
160,41,1
160,42,1
160,49,2
160,58,0
160,66,2
517,8,2
517,12,2
517,16,3
517,17,3
517,20,3
517,26,3
517,27,3
517,35,3
517,43,2
517,70,3
319,8,3
319,14,2
319,16,0
319,20,0
319,34,2
319,35,2
319,40,2
319,41,2
319,43,2
319,51,2
763,8,0
763,10,1
763,16,1
763,20,1
763,27,1
763,31,2
763,35,3
763,47,2
763,63,1
763,66,2
163,9,3
163,15,2
163,21,0
163,22,3
163,35,2
163,37,3
163,40,3
163,41,3
163,54,3
163,77,3
545,9,1
545,22,1
545,34,1
545,40,1
545,41,2
545,42,1
545,45,0
545,53,1
545,58,1
545,69,3
520,9,0
520,16,0
520,21,1
520,26,1
520,31,1
520,34,0
520,35,3
520,41,0
520,43,0
520,73,0
474,9,0
474,12,3
474,16,0
474,28,2
474,34,0
474,35,0
474,37,0
474,42,1
474,47,0
474,50,0
166,9,2
166,13,1
166,15,3
166,21,3
166,25,2
166,28,2
166,39,2
166,41,2
166,53,3
166,62,2
386,9,2
386,11,2
386,12,3
386,15,2
386,24,1
386,29,3
386,39,2
386,43,2
386,50,1
386,60,1
9,9,0
9,16,3
9,27,0
9,34,0
9,35,0
9,48,0
9,49,3
9,50,3
9,51,0
9,52,0
329,9,3
329,10,3
329,19,3
329,22,3
329,23,3
329,24,1
329,31,2
329,34,0
329,42,1
329,60,3
744,9,2
744,13,0
744,20,2
744,29,2
744,31,3
744,34,2
744,35,3
744,39,2
744,43,2
744,54,2
326,9,2
326,13,2
326,16,2
326,18,2
326,25,2
326,28,2
326,35,2
326,39,2
326,43,2
326,53,0
792,9,3
792,13,1
792,14,3
792,20,3
792,25,3
792,42,3
792,45,0
792,47,3
792,55,3
792,61,3
391,9,3
391,10,3
391,12,1
391,17,3
391,20,3
391,35,0
391,41,3
391,42,1
391,61,3
391,103,3
658,9,3
658,13,1
658,20,0
658,21,3
658,22,3
658,28,1
658,29,0
658,37,3
658,40,3
658,43,3
631,9,2
631,11,2
631,13,0
631,16,2
631,22,2
631,27,2
631,34,2
631,35,2
631,45,2
631,59,3
586,9,0
586,12,0
586,18,0
586,22,0
586,23,0
586,25,0
586,29,0
586,35,3
586,40,0
586,58,0
801,9,2
801,16,2
801,20,0
801,25,2
801,28,1
801,30,1
801,31,2
801,45,1
801,63,2
801,66,2
676,9,2
676,16,2
676,20,2
676,30,0
676,31,2
676,34,2
676,35,1
676,39,2
676,40,2
676,43,2
43,9,3
43,20,3
43,25,3
43,31,3
43,34,3
43,43,2
43,47,1
43,48,3
43,49,1
43,56,2
633,9,3
633,10,1
633,13,1
633,20,3
633,22,1
633,35,3
633,39,1
633,45,3
633,57,3
633,98,1
219,9,1
219,12,0
219,13,1
219,16,1
219,21,0
219,31,0
219,40,1
219,44,1
219,56,3
219,61,1
592,9,2
592,12,3
592,15,0
592,16,2
592,20,2
592,31,0
592,43,2
592,50,2
592,56,3
592,58,2
768,9,2
768,13,3
768,16,2
768,20,2
768,21,1
768,34,2
768,43,2
768,50,2
768,59,2
768,84,2
731,9,3
731,10,0
731,12,2
731,16,3
731,21,3
731,25,3
731,31,0
731,34,3
731,35,0
731,54,3
712,9,3
712,14,2
712,16,3
712,19,3
712,22,3
712,28,0
712,34,3
712,35,3
712,45,1
712,66,3
302,9,0
302,10,0
302,12,0
302,13,0
302,23,0
302,32,0
302,34,0
302,42,0
302,58,3
302,71,3
752,9,0
752,16,0
752,19,0
752,28,2
752,31,0
752,34,0
752,35,1
752,41,0
752,42,1
752,43,0
424,9,1
424,10,1
424,11,1
424,14,2
424,16,1
424,20,2
424,21,0
424,27,1
424,35,0
424,50,0
120,9,0
120,10,3
120,25,0
120,28,0
120,29,3
120,31,3
120,35,3
120,45,1
120,47,3
120,63,2
420,9,1
420,10,1
420,13,2
420,17,1
420,20,1
420,34,1
420,37,3
420,50,1
420,63,2
420,70,1
32,9,1
32,11,1
32,15,1
32,25,1
32,27,1
32,31,1
32,34,1
32,35,1
32,43,1
32,69,3
295,9,0
295,14,0
295,16,0
295,22,0
295,28,0
295,35,0
295,53,0
295,56,2
295,58,0
295,61,0
469,9,1
469,12,0
469,13,1
469,14,1
469,21,1
469,29,0
469,39,3
469,47,3
469,53,0
469,63,1
266,9,1
266,15,2
266,20,1
266,22,1
266,29,3
266,35,1
266,37,1
266,43,3
266,55,1
266,61,1
478,9,3
478,15,3
478,26,1
478,27,3
478,28,1
478,34,3
478,42,1
478,43,0
478,47,0
478,58,3
612,9,0
612,13,1
612,21,3
612,40,0
612,44,0
612,45,3
612,52,0
612,56,0
612,67,0
612,73,0
774,9,0
774,20,0
774,21,1
774,28,1
774,29,0
774,34,1
774,35,0
774,42,1
774,50,3
774,59,1
58,9,3
58,13,1
58,20,3
58,22,3
58,25,3
58,28,3
58,36,2
58,37,3
58,56,0
58,66,3
279,9,1
279,13,0
279,17,1
279,20,1
279,28,1
279,34,2
279,43,0
279,50,1
279,53,2
279,56,2
157,9,1
157,13,1
157,22,1
157,35,1
157,50,1
157,60,3
157,61,1
157,63,0
157,65,1
157,90,1
230,9,1
230,10,1
230,16,1
230,21,2
230,31,1
230,35,1
230,42,1
230,43,0
230,60,1
230,97,1
569,9,2
569,10,2
569,20,2
569,22,2
569,34,2
569,35,3
569,43,2
569,55,3
569,60,1
569,65,2
20,9,1
20,11,1
20,13,1
20,15,0
20,16,1
20,23,1
20,36,1
20,47,1
20,55,1
20,61,1
22,9,3
22,11,2
22,13,1
22,17,3
22,21,3
22,22,3
22,23,3
22,35,2
22,55,3
22,56,0
673,9,0
673,13,1
673,27,2
673,29,0
673,31,1
673,34,0
673,35,0
673,47,2
673,55,0
673,58,0
150,9,3
150,13,2
150,16,0
150,19,3
150,34,3
150,35,0
150,41,1
150,49,0
150,51,3
150,63,0
119,9,0
119,12,0
119,16,0
119,31,0
119,32,0
119,34,2
119,35,0
119,37,0
119,39,0
119,67,0
700,9,2
700,13,2
700,16,2
700,21,3
700,28,3
700,35,1
700,40,2
700,41,2
700,42,2
700,66,3
796,9,3
796,10,3
796,12,3
796,16,3
796,20,3
796,28,0
796,34,3
796,55,3
796,61,3
796,102,0
542,9,2
542,16,2
542,19,2
542,22,2
542,28,0
542,35,2
542,37,1
542,51,2
542,54,2
542,61,2
733,9,0
733,13,2
733,28,1
733,29,2
733,30,0
733,31,0
733,40,0
733,45,3
733,54,0
733,59,1
315,9,0
315,13,3
315,15,0
315,25,0
315,28,2
315,31,0
315,34,0
315,35,3
315,61,0
315,84,3
390,9,1
390,20,3
390,25,3
390,34,3
390,35,1
390,39,3
390,41,3
390,43,3
390,47,3
390,53,1
159,9,0
159,16,1
159,19,1
159,20,0
159,22,1
159,23,1
159,25,1
159,31,0
159,42,0
159,65,1
548,9,1
548,13,1
548,21,1
548,25,2
548,27,3
548,28,0
548,35,1
548,47,2
548,53,2
548,63,2
672,9,0
672,10,1
672,16,1
672,20,1
672,23,1
672,47,0
672,51,1
672,56,1
672,61,1
672,62,3
429,9,0
429,10,3
429,11,3
429,13,3
429,20,2
429,22,2
429,23,2
429,25,2
429,28,2
429,43,2
108,9,1
108,12,0
108,13,3
108,17,0
108,20,0
108,25,0
108,36,3
108,40,0
108,42,0
108,53,1
637,9,0
637,19,1
637,23,1
637,28,1
637,31,1
637,41,1
637,42,2
637,43,1
637,53,1
637,55,1
719,9,1
719,20,1
719,25,0
719,28,3
719,29,2
719,31,0
719,43,1
719,54,0
719,60,1
719,88,2
754,9,1
754,19,0
754,27,0
754,29,0
754,31,1
754,34,0
754,43,0
754,47,2
754,61,0
754,94,0
786,9,2
786,13,0
786,16,0
786,20,0
786,22,0
786,31,0
786,34,3
786,35,2
786,58,2
786,63,2
199,9,1
199,16,3
199,19,3
199,25,3
199,35,3
199,37,3
199,41,1
199,54,3
199,55,3
199,58,3
688,9,2
688,13,2
688,16,2
688,28,3
688,31,2
688,54,3
688,55,3
688,58,2
688,61,3
688,62,2
686,9,1
686,13,2
686,23,0
686,28,2
686,35,0
686,40,0
686,41,3
686,43,1
686,55,0
686,63,3
44,9,1
44,14,2
44,20,2
44,21,1
44,22,0
44,34,2
44,35,2
44,37,2
44,43,3
44,66,1
499,9,2
499,11,3
499,13,1
499,17,3
499,20,0
499,23,3
499,29,3
499,35,2
499,39,3
499,50,0
567,9,3
567,13,2
567,20,2
567,21,2
567,34,1
567,39,1
567,55,0
567,56,1
567,58,1
567,60,0
648,9,0
648,12,1
648,13,3
648,17,2
648,22,2
648,31,2
648,34,2
648,35,2
648,40,2
648,51,2
779,9,0
779,13,1
779,20,3
779,25,1
779,40,1
779,43,1
779,66,1
779,73,1
779,84,1
779,94,0
271,9,1
271,11,3
271,16,3
271,17,3
271,20,2
271,41,1
271,43,3
271,47,3
271,54,3
271,70,3
762,9,1
762,16,3
762,20,2
762,25,3
762,28,0
762,29,3
762,31,1
762,35,3
762,43,0
762,66,3
205,9,1
205,12,1
205,14,0
205,19,0
205,34,3
205,35,0
205,43,0
205,49,0
205,53,2
205,66,2
105,9,3
105,11,2
105,20,1
105,22,0
105,29,1
105,31,3
105,34,2
105,53,1
105,56,1
105,58,1
130,9,2
130,13,2
130,16,1
130,17,1
130,22,1
130,31,1
130,36,0
130,39,1
130,42,1
130,55,1
634,9,1
634,16,0
634,17,0
634,23,0
634,28,1
634,30,3
634,43,0
634,58,0
634,63,2
634,66,0
641,9,3
641,10,2
641,21,1
641,23,2
641,28,0
641,34,2
641,40,2
641,42,3
641,43,2
641,47,1
666,9,1
666,20,3
666,22,1
666,31,2
666,41,0
666,43,0
666,47,0
666,53,0
666,55,0
666,59,0
643,9,3
643,12,2
643,15,3
643,16,0
643,25,1
643,31,1
643,35,1
643,44,1
643,58,1
643,88,3
7,9,2
7,11,0
7,13,0
7,21,1
7,34,0
7,35,2
7,40,0
7,41,0
7,42,1
7,43,2
514,9,0
514,13,2
514,34,2
514,35,2
514,43,3
514,47,2
514,57,2
514,71,0
514,76,2
514,89,2
766,10,0
766,13,0
766,16,0
766,20,0
766,25,0
766,28,0
766,34,0
766,43,0
766,50,0
766,73,2
153,10,2
153,11,2
153,15,0
153,21,0
153,27,2
153,34,1
153,40,2
153,41,2
153,51,3
153,63,3
791,10,3
791,16,3
791,20,0
791,22,3
791,23,3
791,30,1
791,31,3
791,35,1
791,43,3
791,59,1
703,10,0
703,13,2
703,20,0
703,21,3
703,25,0
703,28,2
703,30,0
703,31,0
703,34,0
703,41,0
17,10,3
17,13,0
17,17,3
17,21,1
17,22,3
17,39,3
17,40,3
17,43,3
17,45,1
17,58,3
94,10,3
94,13,0
94,15,1
94,23,3
94,31,0
94,35,2
94,45,1
94,51,1
94,57,1
94,77,0
728,10,0
728,16,0
728,20,1
728,30,2
728,47,2
728,54,0
728,55,1
728,58,1
728,69,3
728,73,0
93,10,2
93,12,2
93,20,2
93,34,2
93,39,1
93,47,3
93,53,2
93,56,2
93,61,2
93,77,2
348,10,2
348,13,1
348,14,2
348,19,2
348,20,0
348,23,2
348,31,0
348,40,2
348,47,0
348,53,2
70,10,2
70,17,2
70,20,1
70,22,2
70,25,2
70,28,1
70,31,3
70,55,2
70,58,2
70,66,1
178,10,3
178,11,3
178,12,1
178,16,2
178,18,3
178,23,3
178,28,1
178,35,3
178,37,3
178,94,3
409,10,1
409,15,2
409,16,1
409,17,1
409,34,1
409,35,0
409,39,1
409,43,0
409,47,1
409,56,0
575,10,3
575,12,3
575,16,3
575,20,3
575,23,3
575,35,0
575,37,3
575,40,3
575,44,3
575,56,3
713,10,3
713,13,2
713,25,3
713,28,0
713,29,3
713,34,3
713,35,0
713,41,3
713,45,3
713,73,3
777,10,3
777,16,3
777,20,3
777,21,2
777,22,3
777,25,3
777,29,3
777,35,1
777,40,3
777,88,1
549,10,2
549,13,2
549,22,2
549,23,2
549,31,2
549,35,2
549,37,1
549,41,2
549,43,2
549,58,0
40,10,2
40,13,2
40,17,2
40,19,1
40,23,2
40,27,2
40,29,0
40,37,1
40,41,2
40,73,2
233,10,2
233,13,1
233,20,2
233,28,1
233,35,2
233,37,1
233,43,3
233,50,1
233,61,1
233,77,0
267,10,3
267,13,2
267,31,3
267,35,1
267,37,2
267,39,2
267,42,3
267,43,2
267,48,2
267,100,2
224,10,1
224,13,2
224,15,1
224,17,0
224,20,0
224,28,2
224,34,0
224,36,0
224,37,3
224,65,1
333,10,3
333,13,1
333,16,0
333,22,2
333,35,3
333,37,2
333,41,0
333,42,1
333,45,2
333,63,0
471,10,2
471,22,0
471,28,2
471,36,1
471,41,0
471,43,3
471,53,1
471,55,1
471,58,1
471,60,1
121,10,1
121,13,2
121,14,0
121,34,0
121,36,0
121,37,1
121,40,0
121,42,2
121,47,0
121,72,0
77,11,3
77,13,2
77,16,3
77,23,3
77,28,1
77,34,3
77,47,3
77,50,3
77,52,2
77,63,3
408,11,1
408,13,3
408,35,0
408,36,0
408,37,1
408,43,1
408,53,0
408,55,1
408,56,1
408,79,3
805,11,2
805,14,2
805,16,2
805,20,0
805,22,2
805,25,2
805,31,0
805,41,3
805,62,2
805,88,2
360,11,0
360,16,0
360,18,0
360,25,0
360,31,2
360,35,0
360,47,3
360,53,0
360,56,0
360,61,0
463,11,1
463,23,1
463,31,1
463,35,1
463,40,1
463,41,1
463,43,1
463,54,1
463,55,1
463,61,1
434,11,1
434,22,1
434,25,1
434,30,2
434,31,2
434,34,0
434,35,1
434,47,2
434,52,2
434,77,1
485,11,2
485,14,1
485,19,2
485,22,2
485,31,3
485,35,2
485,50,1
485,53,2
485,58,1
485,65,2
79,11,2
79,16,2
79,20,0
79,22,1
79,23,2
79,28,0
79,44,2
79,56,2
79,60,0
79,70,1
16,11,1
16,25,0
16,31,2
16,34,0
16,47,1
16,50,0
16,56,0
16,60,1
16,61,0
16,62,0
265,11,2
265,12,3
265,31,3
265,35,3
265,37,3
265,40,3
265,43,3
265,47,2
265,51,3
265,70,1
350,11,0
350,13,1
350,14,0
350,16,1
350,19,1
350,25,1
350,27,1
350,35,1
350,51,1
350,59,1
399,12,0
399,20,2
399,23,0
399,27,3
399,34,0
399,39,0
399,50,0
399,58,0
399,61,0
399,72,3
522,12,2
522,14,3
522,23,2
522,26,1
522,27,2
522,29,0
522,35,2
522,43,3
522,52,2
522,66,2
693,12,0
693,13,0
693,14,2
693,16,0
693,21,1
693,22,0
693,27,0
693,31,3
693,43,0
693,58,3
86,12,0
86,16,0
86,20,3
86,25,0
86,26,0
86,27,0
86,34,3
86,58,3
86,63,1
86,73,0
396,12,0
396,16,0
396,17,0
396,25,0
396,34,0
396,41,0
396,42,3
396,58,0
396,63,2
396,73,1
277,12,2
277,15,2
277,16,2
277,23,2
277,31,1
277,34,2
277,40,2
277,41,0
277,45,3
277,53,0
196,12,3
196,16,2
196,17,3
196,21,3
196,23,3
196,34,3
196,36,3
196,42,3
196,53,1
196,60,1
531,12,2
531,19,3
531,20,3
531,23,3
531,27,3
531,29,0
531,41,3
531,45,1
531,47,1
531,76,3
305,12,2
305,15,1
305,16,0
305,21,0
305,24,2
305,31,1
305,34,1
305,35,1
305,54,1
305,76,1
149,12,2
149,20,3
149,23,3
149,34,1
149,35,0
149,40,3
149,43,3
149,51,3
149,53,0
149,55,3
729,12,0
729,20,0
729,25,1
729,28,2
729,40,1
729,42,1
729,43,2
729,54,1
729,58,1
729,61,1
362,12,0
362,13,0
362,14,1
362,20,1
362,39,2
362,40,1
362,43,3
362,45,3
362,51,1
362,58,0
680,12,1
680,19,3
680,31,3
680,35,3
680,36,3
680,40,3
680,53,3
680,61,3
680,88,3
680,102,0
236,12,3
236,21,0
236,24,1
236,25,0
236,27,0
236,35,1
236,39,2
236,43,0
236,55,3
236,63,0
510,12,1
510,15,2
510,16,1
510,24,3
510,31,3
510,36,1
510,41,3
510,44,3
510,70,3
510,95,1
750,12,0
750,20,1
750,22,1
750,27,1
750,31,1
750,35,1
750,50,2
750,58,1
750,62,1
750,107,1
725,12,3
725,13,2
725,28,1
725,29,2
725,34,2
725,35,3
725,41,2
725,43,3
725,47,2
725,73,2
36,12,2
36,16,3
36,25,3
36,28,3
36,37,2
36,39,1
36,47,2
36,51,1
36,70,1
36,71,3
184,12,2
184,13,0
184,17,3
184,35,3
184,36,2
184,40,3
184,53,3
184,62,1
184,74,3
184,90,3
443,12,2
443,13,0
443,16,2
443,24,1
443,31,0
443,39,0
443,40,0
443,47,0
443,55,0
443,56,3
414,13,3
414,17,3
414,21,2
414,23,3
414,28,0
414,40,3
414,43,3
414,47,3
414,56,3
414,85,3
717,13,3
717,14,2
717,16,3
717,20,3
717,22,3
717,42,3
717,43,3
717,53,3
717,54,3
717,55,3
404,13,3
404,20,3
404,22,3
404,28,3
404,35,3
404,54,3
404,56,3
404,74,1
404,76,0
404,90,0
24,13,1
24,23,1
24,25,1
24,37,1
24,47,0
24,49,3
24,53,1
24,54,1
24,62,3
24,65,1
198,13,2
198,20,0
198,25,2
198,28,1
198,30,2
198,37,2
198,43,2
198,53,1
198,54,2
198,94,2
89,13,0
89,16,0
89,22,1
89,31,0
89,34,0
89,35,0
89,48,0
89,58,0
89,59,0
89,61,0
457,13,0
457,16,3
457,37,3
457,39,2
457,40,3
457,45,3
457,53,3
457,54,3
457,69,1
457,77,1
664,13,0
664,20,2
664,21,1
664,25,2
664,31,2
664,37,0
664,40,2
664,43,1
664,65,2
664,69,3
597,13,3
597,16,2
597,21,3
597,22,2
597,27,2
597,31,2
597,43,2
597,53,2
597,63,2
597,77,3
660,13,0
660,17,2
660,20,1
660,22,2
660,30,1
660,31,2
660,35,2
660,43,3
660,54,2
660,62,0
788,13,0
788,16,2
788,20,3
788,28,2
788,30,0
788,31,2
788,40,2
788,43,2
788,45,3
788,55,2
410,13,2
410,16,3
410,31,0
410,34,0
410,35,0
410,41,0
410,43,0
410,53,2
410,56,0
410,90,0
475,13,2
475,21,0
475,23,0
475,34,0
475,39,0
475,40,0
475,41,0
475,51,0
475,63,0
475,90,1
68,13,2
68,19,0
68,20,3
68,26,0
68,27,0
68,31,0
68,36,1
68,39,0
68,41,1
68,55,0
274,13,3
274,16,2
274,17,2
274,20,2
274,22,3
274,23,2
274,28,3
274,40,2
274,42,2
274,61,2
103,13,3
103,16,1
103,21,0
103,25,1
103,31,3
103,40,1
103,49,1
103,55,0
103,61,1
103,62,0
519,13,0
519,16,2
519,23,2
519,29,2
519,31,2
519,35,3
519,43,1
519,55,3
519,58,0
519,76,3
53,13,3
53,16,1
53,17,1
53,29,1
53,35,0
53,37,1
53,47,2
53,50,1
53,56,0
53,61,1
61,13,2
61,19,3
61,23,3
61,35,3
61,40,3
61,43,1
61,51,3
61,62,1
61,63,2
61,82,3
778,13,2
778,14,1
778,20,0
778,30,3
778,34,1
778,35,0
778,43,1
778,54,1
778,55,2
778,73,1
740,13,3
740,16,1
740,20,2
740,21,1
740,22,1
740,31,3
740,34,1
740,35,1
740,40,1
740,42,3
667,13,1
667,28,2
667,29,0
667,31,0
667,36,0
667,40,0
667,42,0
667,45,2
667,59,1
667,102,3
657,13,0
657,16,3
657,17,3
657,20,3
657,22,3
657,29,3
657,40,3
657,43,2
657,53,0
657,107,3
759,14,1
759,21,3
759,31,1
759,34,1
759,35,1
759,43,1
759,45,3
759,58,2
759,60,1
759,66,1
385,14,2
385,15,2
385,16,1
385,17,3
385,21,2
385,36,1
385,37,2
385,41,2
385,56,2
385,78,1
321,14,0
321,16,0
321,29,0
321,30,3
321,31,0
321,34,0
321,35,0
321,40,0
321,50,0
321,76,0
484,14,1
484,16,3
484,19,3
484,20,3
484,26,1
484,28,3
484,34,3
484,35,3
484,55,3
484,88,3
642,15,3
642,16,0
642,27,1
642,30,3
642,34,0
642,35,0
642,42,0
642,54,0
642,58,2
642,72,0
764,16,2
764,21,3
764,22,3
764,28,2
764,34,2
764,35,2
764,41,0
764,42,2
764,43,2
764,61,2
508,16,2
508,22,2
508,25,2
508,34,1
508,35,2
508,40,2
508,43,1
508,53,2
508,58,2
508,95,2
589,16,1
589,21,3
589,31,1
589,32,1
589,34,1
589,35,1
589,39,3
589,41,1
589,50,1
589,55,1
626,16,3
626,21,3
626,22,3
626,23,3
626,29,1
626,30,3
626,31,2
626,34,3
626,43,3
626,58,2
417,16,0
417,20,3
417,26,0
417,28,3
417,31,1
417,34,0
417,35,0
417,40,0
417,43,1
417,55,0
503,16,3
503,17,3
503,19,3
503,35,3
503,37,1
503,39,3
503,56,1
503,63,1
503,89,3
503,97,3
214,16,0
214,17,1
214,20,1
214,21,3
214,27,1
214,28,3
214,29,3
214,34,2
214,39,1
214,47,0
264,19,1
264,21,3
264,28,1
264,39,1
264,40,1
264,52,1
264,53,1
264,67,1
264,90,1
264,99,1
802,19,1
802,20,0
802,21,2
802,22,1
802,25,1
802,29,1
802,30,1
802,39,1
802,41,2
802,50,1
258,19,3
258,20,3
258,23,3
258,25,3
258,32,3
258,34,3
258,35,3
258,47,3
258,51,3
258,55,3
661,19,1
661,25,1
661,28,0
661,39,3
661,45,0
661,50,0
661,53,1
661,59,0
661,65,1
661,73,1
559,20,1
559,22,1
559,25,1
559,27,1
559,41,1
559,50,1
559,65,1
559,69,0
559,73,1
559,76,1
154,20,0
154,21,3
154,22,0
154,34,2
154,43,2
154,53,0
154,55,0
154,56,0
154,61,0
154,90,1
357,20,0
357,24,0
357,25,0
357,31,2
357,40,0
357,52,0
357,53,2
357,62,3
357,78,0
357,90,1
74,20,1
74,22,1
74,25,1
74,29,2
74,31,2
74,35,2
74,37,1
74,39,1
74,44,1
74,86,1
490,20,1
490,21,2
490,22,2
490,31,2
490,35,0
490,39,2
490,41,2
490,43,2
490,53,2
490,58,2
4,20,1
4,23,0
4,24,0
4,25,0
4,26,0
4,27,3
4,28,0
4,29,0
4,30,3
4,31,0
284,25,1
284,31,1
284,39,1
284,42,2
284,47,3
284,51,3
284,52,1
284,56,0
284,60,3
284,67,1
195,30,0
195,35,3
195,36,0
195,42,3
195,43,3
195,47,3
195,54,3
195,55,3
195,58,2
195,94,1
