task,dist_fn,eval_fn,method,acc,f1_macro,f1_weighted,supervision_amt,fold,noise,suffix
face,exact match dist,exact match eval,MAS,0.8921232876712328,0.8921561243607623,0.8921561243607623,0.0,,0.55,var0.05
face,exact match dist,exact match eval,BAU,0.6027397260273972,0.6024385042012357,0.6024385042012356,0.0,,0.55,var0.05
face,exact match dist,exact match eval,SAD,0.886986301369863,0.8869204139507466,0.8869204139507468,0.0,,0.55,var0.05
face,exact match dist,exact match eval,ORACLE,1.0,1.0,1.0,0.0,,0.55,var0.05
face,exact match dist,exact match eval,DEM,0.9023972602739726,0.9024196720471351,0.9024196720471352,0.0,,0.55,var0.05
face,exact match dist,exact match eval,RANDOM,0.5462328767123288,0.5441228104874767,0.5441228104874768,0.0,,0.55,var0.05
face,exact match dist,exact match eval,MAS,0.9674657534246576,0.9675188876658973,0.9675188876658973,0.0,,0.65,var0.05
face,exact match dist,exact match eval,BAU,0.7123287671232876,0.7123795636826626,0.7123795636826628,0.0,,0.65,var0.05
face,exact match dist,exact match eval,SAD,0.9657534246575342,0.9657585884233655,0.9657585884233654,0.0,,0.65,var0.05
face,exact match dist,exact match eval,ORACLE,1.0,1.0,1.0,0.0,,0.65,var0.05
face,exact match dist,exact match eval,DEM,0.9383561643835616,0.9383165122825248,0.9383165122825248,0.0,,0.65,var0.05
face,exact match dist,exact match eval,RANDOM,0.6541095890410958,0.6539071508850868,0.6539071508850868,0.0,,0.65,var0.05
face,exact match dist,exact match eval,MAS,0.738013698630137,0.7384821453801038,0.7384821453801038,0.0,,0.45,var0.05
face,exact match dist,exact match eval,BAU,0.4948630136986301,0.4948423586458718,0.4948423586458718,0.0,,0.45,var0.05
face,exact match dist,exact match eval,SAD,0.7311643835616438,0.7308380496443356,0.7308380496443356,0.0,,0.45,var0.05
face,exact match dist,exact match eval,ORACLE,0.9982876712328768,0.9982876511499712,0.9982876511499713,0.0,,0.45,var0.05
face,exact match dist,exact match eval,DEM,0.7363013698630136,0.7361254089680763,0.7361254089680764,0.0,,0.45,var0.05
face,exact match dist,exact match eval,RANDOM,0.4674657534246575,0.4674180636029928,0.4674180636029928,0.0,,0.45,var0.05
face,exact match dist,exact match eval,MAS,0.8681506849315068,0.8683824541178459,0.868382454117846,0.0,,0.55,var0.15
face,exact match dist,exact match eval,BAU,0.7037671232876712,0.7038943222118583,0.7038943222118583,0.0,,0.55,var0.15
face,exact match dist,exact match eval,SAD,0.8476027397260274,0.8475489851411165,0.8475489851411165,0.0,,0.55,var0.15
face,exact match dist,exact match eval,ORACLE,0.9948630136986302,0.9948628329468279,0.994862832946828,0.0,,0.55,var0.15
face,exact match dist,exact match eval,DEM,0.8458904109589042,0.8462239489022849,0.846223948902285,0.0,,0.55,var0.15
face,exact match dist,exact match eval,RANDOM,0.553082191780822,0.5533638510779159,0.5533638510779157,0.0,,0.55,var0.15
face,exact match dist,exact match eval,MAS,0.9726027397260274,0.9726223385314058,0.9726223385314058,0.0,,0.65,var0.15
face,exact match dist,exact match eval,BAU,0.8732876712328768,0.8732426151669188,0.8732426151669189,0.0,,0.65,var0.15
face,exact match dist,exact match eval,SAD,0.9657534246575342,0.9657964443383844,0.9657964443383845,0.0,,0.65,var0.15
face,exact match dist,exact match eval,ORACLE,1.0,1.0,1.0,0.0,,0.65,var0.15
face,exact match dist,exact match eval,DEM,0.9726027397260274,0.9725691725188618,0.9725691725188618,0.0,,0.65,var0.15
face,exact match dist,exact match eval,RANDOM,0.6712328767123288,0.6705671769393984,0.6705671769393983,0.0,,0.65,var0.15
face,exact match dist,exact match eval,MAS,0.7636986301369864,0.7636654242614508,0.7636654242614508,0.0,,0.45,var0.15
face,exact match dist,exact match eval,BAU,0.702054794520548,0.7011174555755246,0.7011174555755246,0.0,,0.45,var0.15
face,exact match dist,exact match eval,SAD,0.7226027397260274,0.7230353101052742,0.7230353101052742,0.0,,0.45,var0.15
face,exact match dist,exact match eval,ORACLE,0.9931506849315068,0.9931506849315068,0.9931506849315068,0.0,,0.45,var0.15
face,exact match dist,exact match eval,DEM,0.7328767123287672,0.7331897132885976,0.7331897132885976,0.0,,0.45,var0.15
face,exact match dist,exact match eval,RANDOM,0.4263698630136986,0.42615264403070374,0.42615264403070374,0.0,,0.45,var0.15
face,exact match dist,exact match eval,MAS,0.952054794520548,0.9520840096946828,0.9520840096946827,0.0,,0.55,var0.25
face,exact match dist,exact match eval,BAU,0.8493150684931506,0.8494936648573947,0.8494936648573947,0.0,,0.55,var0.25
face,exact match dist,exact match eval,SAD,0.886986301369863,0.8868626127251952,0.8868626127251952,0.0,,0.55,var0.25
face,exact match dist,exact match eval,ORACLE,1.0,1.0,1.0,0.0,,0.55,var0.25
face,exact match dist,exact match eval,DEM,0.9092465753424658,0.9092778157641495,0.9092778157641497,0.0,,0.55,var0.25
face,exact match dist,exact match eval,RANDOM,0.571917808219178,0.5711761263848358,0.5711761263848357,0.0,,0.55,var0.25
face,exact match dist,exact match eval,MAS,1.0,1.0,1.0,0.0,,0.65,var0.25
face,exact match dist,exact match eval,BAU,1.0,1.0,1.0,0.0,,0.65,var0.25
face,exact match dist,exact match eval,SAD,0.9914383561643836,0.9914204819573742,0.9914204819573743,0.0,,0.65,var0.25
face,exact match dist,exact match eval,ORACLE,1.0,1.0,1.0,0.0,,0.65,var0.25
face,exact match dist,exact match eval,DEM,0.9811643835616438,0.9811868291116219,0.9811868291116218,0.0,,0.65,var0.25
face,exact match dist,exact match eval,RANDOM,0.7191780821917808,0.7191281611687264,0.7191281611687264,0.0,,0.65,var0.25
face,exact match dist,exact match eval,MAS,0.9982876712328768,0.9982876511499712,0.9982876511499713,0.0,,0.45,var0.25
face,exact match dist,exact match eval,BAU,1.0,1.0,1.0,0.0,,0.45,var0.25
face,exact match dist,exact match eval,SAD,0.8852739726027398,0.8848666563695081,0.8848666563695081,0.0,,0.45,var0.25
face,exact match dist,exact match eval,ORACLE,1.0,1.0,1.0,0.0,,0.45,var0.25
face,exact match dist,exact match eval,DEM,0.922945205479452,0.922771517377528,0.9227715173775279,0.0,,0.45,var0.25
face,exact match dist,exact match eval,RANDOM,0.535958904109589,0.5363113108811176,0.5363113108811175,0.0,,0.45,var0.25
face,exact match dist,exact match eval,MAS,0.8065068493150684,0.8063486479617875,0.8063486479617875,0.0,,0.5,var0.05
face,exact match dist,exact match eval,BAU,0.5428082191780822,0.542184265010352,0.542184265010352,0.0,,0.5,var0.05
face,exact match dist,exact match eval,SAD,0.7893835616438356,0.7891899924159926,0.7891899924159926,0.0,,0.5,var0.05
face,exact match dist,exact match eval,ORACLE,1.0,1.0,1.0,0.0,,0.5,var0.05
face,exact match dist,exact match eval,DEM,0.797945205479452,0.7974779597913191,0.7974779597913191,0.0,,0.5,var0.05
face,exact match dist,exact match eval,RANDOM,0.5188356164383562,0.5178101807701795,0.5178101807701795,0.0,,0.5,var0.05
face,exact match dist,exact match eval,MAS,0.7345890410958904,0.7337384367045384,0.7337384367045384,0.0,,0.5,var0.15
face,exact match dist,exact match eval,BAU,0.6095890410958904,0.6092004104915496,0.6092004104915495,0.0,,0.5,var0.15
face,exact match dist,exact match eval,SAD,0.7003424657534246,0.6997502156139556,0.6997502156139556,0.0,,0.5,var0.15
face,exact match dist,exact match eval,ORACLE,0.9931506849315068,0.9931444370560913,0.9931444370560913,0.0,,0.5,var0.15
face,exact match dist,exact match eval,DEM,0.6763698630136986,0.6753646349060332,0.6753646349060332,0.0,,0.5,var0.15
face,exact match dist,exact match eval,RANDOM,0.4383561643835616,0.43757813363756826,0.4375781336375682,0.0,,0.5,var0.15
face,exact match dist,exact match eval,MAS,0.9383561643835616,0.9383604179478563,0.9383604179478562,0.0,,0.5,var0.25
face,exact match dist,exact match eval,BAU,0.7791095890410958,0.778903903903904,0.7789039039039038,0.0,,0.5,var0.25
face,exact match dist,exact match eval,SAD,0.8886986301369864,0.8889014261590192,0.888901426159019,0.0,,0.5,var0.25
face,exact match dist,exact match eval,ORACLE,1.0,1.0,1.0,0.0,,0.5,var0.25
face,exact match dist,exact match eval,DEM,0.916095890410959,0.9162869254763799,0.9162869254763797,0.0,,0.5,var0.25
face,exact match dist,exact match eval,RANDOM,0.5753424657534246,0.5755744007883307,0.5755744007883307,0.0,,0.5,var0.25
face,exact match dist,exact match eval,MAS,0.9006849315068494,0.9009235591828552,0.9009235591828553,0.0,,0.6,var0.05
face,exact match dist,exact match eval,BAU,0.672945205479452,0.6727553620165994,0.6727553620165992,0.0,,0.6,var0.05
face,exact match dist,exact match eval,SAD,0.898972602739726,0.8992170268181223,0.8992170268181222,0.0,,0.6,var0.05
face,exact match dist,exact match eval,ORACLE,1.0,1.0,1.0,0.0,,0.6,var0.05
face,exact match dist,exact match eval,DEM,0.9023972602739726,0.9027256333241029,0.902725633324103,0.0,,0.6,var0.05
face,exact match dist,exact match eval,RANDOM,0.6147260273972602,0.61413728526007,0.61413728526007,0.0,,0.6,var0.05
face,exact match dist,exact match eval,MAS,0.9623287671232876,0.9622347526624172,0.9622347526624171,0.0,,0.6,var0.15
face,exact match dist,exact match eval,BAU,0.8253424657534246,0.8251857354954275,0.8251857354954273,0.0,,0.6,var0.15
face,exact match dist,exact match eval,SAD,0.9332191780821918,0.9331085690553124,0.9331085690553126,0.0,,0.6,var0.15
face,exact match dist,exact match eval,ORACLE,1.0,1.0,1.0,0.0,,0.6,var0.15
face,exact match dist,exact match eval,DEM,0.8972602739726028,0.8972761238156018,0.8972761238156018,0.0,,0.6,var0.15
face,exact match dist,exact match eval,RANDOM,0.6335616438356164,0.6333857759056942,0.6333857759056942,0.0,,0.6,var0.15
face,exact match dist,exact match eval,MAS,0.9554794520547946,0.9554791508112128,0.955479150811213,0.0,,0.6,var0.25
face,exact match dist,exact match eval,BAU,0.8904109589041096,0.8901332035957237,0.8901332035957235,0.0,,0.6,var0.25
face,exact match dist,exact match eval,SAD,0.9143835616438356,0.9144112217281011,0.9144112217281012,0.0,,0.6,var0.25
face,exact match dist,exact match eval,ORACLE,1.0,1.0,1.0,0.0,,0.6,var0.25
face,exact match dist,exact match eval,DEM,0.9297945205479452,0.9299069122598533,0.9299069122598532,0.0,,0.6,var0.25
face,exact match dist,exact match eval,RANDOM,0.5873287671232876,0.5870915820298735,0.5870915820298735,0.0,,0.6,var0.25
face,exact match dist,exact match eval,MAS,0.7259100642398287,0.7263825271363292,0.7263197350853241,0.2,,0.45,var0.05
face,exact match dist,exact match eval,BAU,0.48822269807280516,0.488584701985595,0.48877232104903906,0.2,,0.45,var0.05
face,exact match dist,exact match eval,SAD,0.708779443254818,0.7094071879582249,0.7092366724831166,0.2,,0.45,var0.05
face,exact match dist,exact match eval,ORACLE,0.9978586723768736,0.9978534446225564,0.9978585145578754,0.2,,0.45,var0.05
face,exact match dist,exact match eval,DEM,0.7259100642398287,0.7263860631292621,0.7262434841521945,0.2,,0.45,var0.05
face,exact match dist,exact match eval,RANDOM,0.44967880085653106,0.4498509157058115,0.4493104701148411,0.2,,0.45,var0.05
face,exact match dist,exact match eval,MAS,0.7237687366167024,0.7241477872370365,0.7240826739581988,0.2,,0.45,var0.05
face,exact match dist,exact match eval,BAU,0.48822269807280516,0.488584701985595,0.48877232104903906,0.2,,0.45,var0.05
face,exact match dist,exact match eval,SAD,0.708779443254818,0.7094071879582249,0.7092366724831166,0.2,,0.45,var0.05
face,exact match dist,exact match eval,ORACLE,0.9978586723768736,0.9978534446225564,0.9978585145578754,0.2,,0.45,var0.05
face,exact match dist,exact match eval,DEM,0.7259100642398287,0.7263860631292621,0.7262434841521945,0.2,,0.45,var0.05
face,exact match dist,exact match eval,RANDOM,0.4689507494646681,0.46916102194448195,0.46898782668183847,0.2,,0.45,var0.05
face,exact match dist,exact match eval,MAS,0.7301927194860813,0.7298499303215555,0.7301840481262678,0.2,,0.45,var0.05
face,exact match dist,exact match eval,BAU,0.5053533190578159,0.505056211653722,0.5050576173342661,0.2,,0.45,var0.05
face,exact match dist,exact match eval,SAD,0.708779443254818,0.7079836996575194,0.7086310811007762,0.2,,0.45,var0.05
face,exact match dist,exact match eval,ORACLE,1.0,1.0,1.0,0.2,,0.45,var0.05
face,exact match dist,exact match eval,DEM,0.7366167023554604,0.7360265465528624,0.7364601537936374,0.2,,0.45,var0.05
face,exact match dist,exact match eval,RANDOM,0.4817987152034261,0.4818362664242267,0.48205337406384424,0.2,,0.45,var0.05
face,exact match dist,exact match eval,MAS,0.7323340471092077,0.7324542342383557,0.7330557657993585,0.2,,0.45,var0.05
face,exact match dist,exact match eval,BAU,0.5289079229122056,0.5289065000178359,0.5296964016414241,0.2,,0.45,var0.05
face,exact match dist,exact match eval,SAD,0.715203426124197,0.7140519288979782,0.7151240017965149,0.2,,0.45,var0.05
face,exact match dist,exact match eval,ORACLE,0.9978586723768736,0.9978991225747225,0.9978587101807971,0.2,,0.45,var0.05
face,exact match dist,exact match eval,DEM,0.7387580299785867,0.738320001326197,0.7390131119065918,0.2,,0.45,var0.05
face,exact match dist,exact match eval,RANDOM,0.48822269807280516,0.48758192423413893,0.48790337949059653,0.2,,0.45,var0.05
face,exact match dist,exact match eval,MAS,0.7366167023554604,0.7369668335838553,0.7369406364203033,0.2,,0.45,var0.05
face,exact match dist,exact match eval,BAU,0.49678800856531047,0.49689785512649076,0.4968526235753586,0.2,,0.45,var0.05
face,exact match dist,exact match eval,SAD,0.715203426124197,0.7147542551157009,0.7149224054928243,0.2,,0.45,var0.05
face,exact match dist,exact match eval,ORACLE,0.9978586723768736,0.9978257170407064,0.9978587938338866,0.2,,0.45,var0.05
face,exact match dist,exact match eval,DEM,0.7237687366167024,0.7230462693613975,0.7234270419228175,0.2,,0.45,var0.05
face,exact match dist,exact match eval,RANDOM,0.4860813704496788,0.4859306581460923,0.4861351816233946,0.2,,0.45,var0.05
face,exact match dist,exact match eval,MAS,0.7414529914529915,0.7419905834858039,0.7413421107966284,0.2,,0.45,var0.05
face,exact match dist,exact match eval,BAU,0.5149572649572649,0.5156900533437418,0.5151532937564359,0.2,,0.45,var0.05
face,exact match dist,exact match eval,SAD,0.7222222222222222,0.7232501313269957,0.7221222413546139,0.2,,0.45,var0.05
face,exact match dist,exact match eval,ORACLE,0.9978632478632479,0.9978314338822027,0.997862846678115,0.2,,0.45,var0.05
face,exact match dist,exact match eval,DEM,0.7435897435897436,0.7438522768298864,0.7431779921930656,0.2,,0.45,var0.05
face,exact match dist,exact match eval,RANDOM,0.46794871794871795,0.4667382757976969,0.4664008761459798,0.2,,0.45,var0.05
face,exact match dist,exact match eval,MAS,0.7987152034261242,0.7983102405545541,0.7982072656587734,0.2,1,0.5,var0.05
face,exact match dist,exact match eval,BAU,0.5203426124197003,0.519536752263918,0.5199175837417993,0.2,1,0.5,var0.05
face,exact match dist,exact match eval,SAD,0.7858672376873662,0.7847660877305407,0.78487490863662,0.2,1,0.5,var0.05
face,exact match dist,exact match eval,ORACLE,1.0,1.0,1.0,0.2,1,0.5,var0.05
face,exact match dist,exact match eval,DEM,0.8115631691648822,0.811009389861542,0.8109868803413162,0.2,1,0.5,var0.05
face,exact match dist,exact match eval,RANDOM,0.4925053533190578,0.49202480130913406,0.49195390269533223,0.2,1,0.5,var0.05
face,exact match dist,exact match eval,MAS,0.8051391862955032,0.8052530732984599,0.8049905266947668,0.2,2,0.5,var0.05
face,exact match dist,exact match eval,BAU,0.5139186295503212,0.5124737233949374,0.5118187049291046,0.2,2,0.5,var0.05
face,exact match dist,exact match eval,SAD,0.7858672376873662,0.7858282127029184,0.7856870288477891,0.2,2,0.5,var0.05
face,exact match dist,exact match eval,ORACLE,1.0,1.0,1.0,0.2,2,0.5,var0.05
face,exact match dist,exact match eval,DEM,0.8008565310492506,0.8007963827847348,0.8007429154000772,0.2,2,0.5,var0.05
face,exact match dist,exact match eval,RANDOM,0.5010706638115632,0.5010907711192423,0.5005934598642339,0.2,2,0.5,var0.05
face,exact match dist,exact match eval,MAS,0.8094218415417559,0.808711670134949,0.8091569846523691,0.2,3,0.5,var0.05
face,exact match dist,exact match eval,BAU,0.5203426124197003,0.5200406564344415,0.5202388365716099,0.2,3,0.5,var0.05
face,exact match dist,exact match eval,SAD,0.7965738758029979,0.7955396792863487,0.7958818896023444,0.2,3,0.5,var0.05
face,exact match dist,exact match eval,ORACLE,1.0,1.0,1.0,0.2,3,0.5,var0.05
face,exact match dist,exact match eval,DEM,0.8072805139186295,0.8067282027557006,0.8071284811308908,0.2,3,0.5,var0.05
face,exact match dist,exact match eval,RANDOM,0.5331905781584583,0.532872536176501,0.5337985861903642,0.2,3,0.5,var0.05
face,exact match dist,exact match eval,MAS,0.7901498929336188,0.790205261676024,0.7899868840863762,0.2,4,0.5,var0.05
face,exact match dist,exact match eval,BAU,0.5374732334047109,0.5375282323143286,0.5373536967497736,0.2,4,0.5,var0.05
face,exact match dist,exact match eval,SAD,0.7773019271948608,0.777251218384586,0.777069098413203,0.2,4,0.5,var0.05
face,exact match dist,exact match eval,ORACLE,1.0,1.0,1.0,0.2,4,0.5,var0.05
face,exact match dist,exact match eval,DEM,0.8072805139186295,0.8073203425858103,0.8070741248054812,0.2,4,0.5,var0.05
face,exact match dist,exact match eval,RANDOM,0.5289079229122056,0.5289440684158704,0.528911210162986,0.2,4,0.5,var0.05
face,exact match dist,exact match eval,MAS,0.8055555555555556,0.8050094625905984,0.8051743037017651,0.2,5,0.5,var0.05
face,exact match dist,exact match eval,BAU,0.5235042735042735,0.520295205796736,0.5215085125055049,0.2,5,0.5,var0.05
face,exact match dist,exact match eval,SAD,0.7841880341880342,0.7832897402813731,0.7836014969294341,0.2,5,0.5,var0.05
face,exact match dist,exact match eval,ORACLE,1.0,1.0,1.0,0.2,5,0.5,var0.05
face,exact match dist,exact match eval,DEM,0.8034188034188035,0.8029656324803893,0.8031057259439143,0.2,5,0.5,var0.05
face,exact match dist,exact match eval,RANDOM,0.5256410256410257,0.5248565362876461,0.5261028016365118,0.2,5,0.5,var0.05
face,exact match dist,exact match eval,MAS,0.892933618843683,0.8932664225698894,0.8930698977478756,0.2,1,0.55,var0.05
face,exact match dist,exact match eval,BAU,0.6081370449678801,0.6075764859491379,0.607049233505871,0.2,1,0.55,var0.05
face,exact match dist,exact match eval,SAD,0.8950749464668094,0.8951940847284592,0.8949840821785618,0.2,1,0.55,var0.05
face,exact match dist,exact match eval,ORACLE,1.0,1.0,1.0,0.2,1,0.55,var0.05
face,exact match dist,exact match eval,DEM,0.9014989293361885,0.9015932400881617,0.9013541103852349,0.2,1,0.55,var0.05
face,exact match dist,exact match eval,RANDOM,0.582441113490364,0.582333022147812,0.5825102829151788,0.2,1,0.55,var0.05
face,exact match dist,exact match eval,MAS,0.8993576017130621,0.8988795224233606,0.8992510450845151,0.2,2,0.55,var0.05
face,exact match dist,exact match eval,BAU,0.576017130620985,0.5759923175680106,0.57598064092376,0.2,2,0.55,var0.05
face,exact match dist,exact match eval,SAD,0.8993576017130621,0.8985982328361788,0.898903480974664,0.2,2,0.55,var0.05
face,exact match dist,exact match eval,ORACLE,1.0,1.0,1.0,0.2,2,0.55,var0.05
face,exact match dist,exact match eval,DEM,0.9100642398286938,0.9095687811831789,0.9098891790458196,0.2,2,0.55,var0.05
face,exact match dist,exact match eval,RANDOM,0.5289079229122056,0.5259969242454902,0.5265076819939933,0.2,2,0.55,var0.05
face,exact match dist,exact match eval,MAS,0.8886509635974305,0.8884065881576565,0.8886506260889145,0.2,3,0.55,var0.05
face,exact match dist,exact match eval,BAU,0.6359743040685225,0.6341363130942255,0.6342521044227886,0.2,3,0.55,var0.05
face,exact match dist,exact match eval,SAD,0.8822269807280514,0.881896575027708,0.881952057484572,0.2,3,0.55,var0.05
face,exact match dist,exact match eval,ORACLE,1.0,1.0,1.0,0.2,3,0.55,var0.05
face,exact match dist,exact match eval,DEM,0.8993576017130621,0.8991297599717889,0.899274560601402,0.2,3,0.55,var0.05
face,exact match dist,exact match eval,RANDOM,0.5438972162740899,0.5435589595481382,0.5432237089084545,0.2,3,0.55,var0.05
face,exact match dist,exact match eval,MAS,0.8950749464668094,0.8952108275747926,0.8953585880226668,0.2,4,0.55,var0.05
face,exact match dist,exact match eval,BAU,0.6252676659528907,0.6220849046502328,0.6232608010320752,0.2,4,0.55,var0.05
face,exact match dist,exact match eval,SAD,0.892933618843683,0.8926216630144492,0.8930267265787986,0.2,4,0.55,var0.05
face,exact match dist,exact match eval,ORACLE,1.0,1.0,1.0,0.2,4,0.55,var0.05
face,exact match dist,exact match eval,DEM,0.9014989293361885,0.9015624432113527,0.901936498468002,0.2,4,0.55,var0.05
face,exact match dist,exact match eval,RANDOM,0.5974304068522484,0.5976618347286206,0.5977801119444447,0.2,4,0.55,var0.05
face,exact match dist,exact match eval,MAS,0.8888888888888888,0.8889841787666022,0.8886899742803087,0.2,5,0.55,var0.05
face,exact match dist,exact match eval,BAU,0.6111111111111112,0.6092373432973271,0.6084303460442457,0.2,5,0.55,var0.05
face,exact match dist,exact match eval,SAD,0.8824786324786325,0.8823066229521372,0.8822623404798953,0.2,5,0.55,var0.05
face,exact match dist,exact match eval,ORACLE,1.0,1.0,1.0,0.2,5,0.55,var0.05
face,exact match dist,exact match eval,DEM,0.8974358974358975,0.8975611260492864,0.8972454717395012,0.2,5,0.55,var0.05
face,exact match dist,exact match eval,RANDOM,0.5747863247863247,0.5728496366998787,0.574165803973543,0.2,5,0.55,var0.05
face,exact match dist,exact match eval,MAS,0.9100642398286938,0.9102514431640193,0.91036259727359,0.2,1,0.6,var0.05
face,exact match dist,exact match eval,BAU,0.6659528907922913,0.6660157283902024,0.6658981513092898,0.2,1,0.6,var0.05
face,exact match dist,exact match eval,SAD,0.8950749464668094,0.8954948601376209,0.8955778751393783,0.2,1,0.6,var0.05
face,exact match dist,exact match eval,ORACLE,1.0,1.0,1.0,0.2,1,0.6,var0.05
face,exact match dist,exact match eval,DEM,0.8950749464668094,0.8953982610802012,0.8955296592541311,0.2,1,0.6,var0.05
face,exact match dist,exact match eval,RANDOM,0.6059957173447538,0.6054399650282891,0.6055811169425673,0.2,1,0.6,var0.05
face,exact match dist,exact match eval,MAS,0.8950749464668094,0.8954231721074655,0.8952958572340641,0.2,2,0.6,var0.05
face,exact match dist,exact match eval,BAU,0.6766595289079229,0.6763549702711837,0.6765490623946199,0.2,2,0.6,var0.05
face,exact match dist,exact match eval,SAD,0.892933618843683,0.8934398091523941,0.8932310196641762,0.2,2,0.6,var0.05
face,exact match dist,exact match eval,ORACLE,1.0,1.0,1.0,0.2,2,0.6,var0.05
face,exact match dist,exact match eval,DEM,0.9014989293361885,0.9016723798533803,0.9016174899563751,0.2,2,0.6,var0.05
face,exact match dist,exact match eval,RANDOM,0.5995717344753747,0.5992458990430594,0.599443778381454,0.2,2,0.6,var0.05
face,exact match dist,exact match eval,MAS,0.8993576017130621,0.8993523266370544,0.8994138270812689,0.2,3,0.6,var0.05
face,exact match dist,exact match eval,BAU,0.6573875802997858,0.6570525158532896,0.657366494604886,0.2,3,0.6,var0.05
face,exact match dist,exact match eval,SAD,0.892933618843683,0.8928763186456398,0.8929259782787844,0.2,3,0.6,var0.05
face,exact match dist,exact match eval,ORACLE,1.0,1.0,1.0,0.2,3,0.6,var0.05
face,exact match dist,exact match eval,DEM,0.8972162740899358,0.8970773287787002,0.8972268618312574,0.2,3,0.6,var0.05
face,exact match dist,exact match eval,RANDOM,0.563169164882227,0.5632054653397438,0.5640617927825728,0.2,3,0.6,var0.05
face,exact match dist,exact match eval,MAS,0.8993576017130621,0.8995954075974151,0.8994018619468381,0.2,4,0.6,var0.05
face,exact match dist,exact match eval,BAU,0.6723768736616702,0.6720157157176088,0.6721882185282945,0.2,4,0.6,var0.05
face,exact match dist,exact match eval,SAD,0.8950749464668094,0.895357853996376,0.895330609756646,0.2,4,0.6,var0.05
face,exact match dist,exact match eval,ORACLE,1.0,1.0,1.0,0.2,4,0.6,var0.05
face,exact match dist,exact match eval,DEM,0.9164882226980728,0.9166817862583867,0.9165834895602872,0.2,4,0.6,var0.05
face,exact match dist,exact match eval,RANDOM,0.556745182012848,0.5563938136552244,0.5562503815144934,0.2,4,0.6,var0.05
face,exact match dist,exact match eval,MAS,0.905982905982906,0.9059381054995582,0.9063473063234948,0.2,5,0.6,var0.05
face,exact match dist,exact match eval,BAU,0.688034188034188,0.6878955756531289,0.687361281708458,0.2,5,0.6,var0.05
face,exact match dist,exact match eval,SAD,0.9017094017094017,0.9015790235179277,0.9022063134709514,0.2,5,0.6,var0.05
face,exact match dist,exact match eval,ORACLE,1.0,1.0,1.0,0.2,5,0.6,var0.05
face,exact match dist,exact match eval,DEM,0.9081196581196581,0.9080261575042978,0.9084323009066532,0.2,5,0.6,var0.05
face,exact match dist,exact match eval,RANDOM,0.5512820512820513,0.5514523990892478,0.5521350445036682,0.2,5,0.6,var0.05
face,exact match dist,exact match eval,MAS,0.9678800856531049,0.9679456284030508,0.9679076630906616,0.2,1,0.65,var0.05
face,exact match dist,exact match eval,BAU,0.7066381156316917,0.7067933190338286,0.7067016140088427,0.2,1,0.65,var0.05
face,exact match dist,exact match eval,SAD,0.9550321199143469,0.9551097545470745,0.9549976816805734,0.2,1,0.65,var0.05
face,exact match dist,exact match eval,ORACLE,1.0,1.0,1.0,0.2,1,0.65,var0.05
face,exact match dist,exact match eval,DEM,0.9528907922912205,0.9530799996551563,0.9529859182895757,0.2,1,0.65,var0.05
face,exact match dist,exact match eval,RANDOM,0.6638115631691649,0.663811759556317,0.6638978365486424,0.2,1,0.65,var0.05
face,exact match dist,exact match eval,MAS,0.961456102783726,0.9615052437033321,0.9615293683370179,0.2,2,0.65,var0.05
face,exact match dist,exact match eval,BAU,0.702355460385439,0.7027016620951813,0.7029439202238531,0.2,2,0.65,var0.05
face,exact match dist,exact match eval,SAD,0.9571734475374732,0.9571907563062071,0.9572041329657285,0.2,2,0.65,var0.05
face,exact match dist,exact match eval,ORACLE,1.0,1.0,1.0,0.2,2,0.65,var0.05
face,exact match dist,exact match eval,DEM,0.9550321199143469,0.955025351765495,0.9551520593055132,0.2,2,0.65,var0.05
face,exact match dist,exact match eval,RANDOM,0.6359743040685225,0.6356035716284164,0.6354043651847794,0.2,2,0.65,var0.05
face,exact match dist,exact match eval,MAS,0.9635974304068522,0.9636974576752523,0.9636581200725374,0.2,3,0.65,var0.05
face,exact match dist,exact match eval,BAU,0.7173447537473233,0.7176189656674299,0.7172373554655338,0.2,3,0.65,var0.05
face,exact match dist,exact match eval,SAD,0.9571734475374732,0.9573053781657944,0.9571933448182041,0.2,3,0.65,var0.05
face,exact match dist,exact match eval,ORACLE,1.0,1.0,1.0,0.2,3,0.65,var0.05
face,exact match dist,exact match eval,DEM,0.9635974304068522,0.9637030892471438,0.9636728388316111,0.2,3,0.65,var0.05
face,exact match dist,exact match eval,RANDOM,0.6552462526766595,0.6547481672089864,0.6550869771704017,0.2,3,0.65,var0.05
face,exact match dist,exact match eval,MAS,0.9635974304068522,0.963377029592318,0.963558257440706,0.2,4,0.65,var0.05
face,exact match dist,exact match eval,BAU,0.715203426124197,0.7147669481488016,0.715390883413932,0.2,4,0.65,var0.05
face,exact match dist,exact match eval,SAD,0.961456102783726,0.9612383689107827,0.9614158898933322,0.2,4,0.65,var0.05
face,exact match dist,exact match eval,ORACLE,1.0,1.0,1.0,0.2,4,0.65,var0.05
face,exact match dist,exact match eval,DEM,0.9528907922912205,0.9525266692439888,0.9528089405597375,0.2,4,0.65,var0.05
face,exact match dist,exact match eval,RANDOM,0.6873661670235546,0.6870858161549278,0.6869044383071331,0.2,4,0.65,var0.05
face,exact match dist,exact match eval,MAS,0.9615384615384616,0.9618077994066029,0.9616339349604726,0.2,5,0.65,var0.05
face,exact match dist,exact match eval,BAU,0.7029914529914529,0.7025291005291006,0.7029670329670329,0.2,5,0.65,var0.05
face,exact match dist,exact match eval,SAD,0.9551282051282052,0.9552803371219966,0.9552094969280523,0.2,5,0.65,var0.05
face,exact match dist,exact match eval,ORACLE,1.0,1.0,1.0,0.2,5,0.65,var0.05
face,exact match dist,exact match eval,DEM,0.9529914529914529,0.95336356874015,0.9531581857439826,0.2,5,0.65,var0.05
face,exact match dist,exact match eval,RANDOM,0.6602564102564102,0.6610422759711249,0.6608333006383544,0.2,5,0.65,var0.05
face,exact match dist,exact match eval,MAS,0.7687366167023555,0.7686384382370984,0.7686923666535154,0.2,,0.45,var0.15
face,exact match dist,exact match eval,BAU,0.6980728051391863,0.6971470047600833,0.6970541678479831,0.2,,0.45,var0.15
face,exact match dist,exact match eval,SAD,0.6573875802997858,0.6568013396036495,0.6569404126437925,0.2,,0.45,var0.15
face,exact match dist,exact match eval,ORACLE,0.9914346895074947,0.9914421344137778,0.9914529539821471,0.2,,0.45,var0.15
face,exact match dist,exact match eval,DEM,0.7473233404710921,0.747817995831464,0.7477514024536431,0.2,,0.45,var0.15
face,exact match dist,exact match eval,RANDOM,0.4346895074946467,0.43470478847987104,0.43493112978462695,0.2,,0.45,var0.15
face,exact match dist,exact match eval,MAS,0.7858672376873662,0.7860773818501238,0.7863257129768816,0.2,,0.45,var0.15
face,exact match dist,exact match eval,BAU,0.7002141327623126,0.6997497239602504,0.6999182927594964,0.2,,0.45,var0.15
face,exact match dist,exact match eval,SAD,0.6745182012847966,0.674142741417163,0.6741021839712632,0.2,,0.45,var0.15
face,exact match dist,exact match eval,ORACLE,0.9935760171306209,0.9935418681413127,0.9935855996587377,0.2,,0.45,var0.15
face,exact match dist,exact match eval,DEM,0.7430406852248393,0.7431078248267095,0.7431348201253674,0.2,,0.45,var0.15
face,exact match dist,exact match eval,RANDOM,0.47751605995717344,0.47587382130860395,0.47610885801557057,0.2,,0.45,var0.15
face,exact match dist,exact match eval,MAS,0.7580299785867237,0.7575068212558331,0.757762222847441,0.2,,0.45,var0.15
face,exact match dist,exact match eval,BAU,0.7066381156316917,0.7051739927203939,0.7048450789528778,0.2,,0.45,var0.15
face,exact match dist,exact match eval,SAD,0.6552462526766595,0.6558195506740468,0.6552836578815937,0.2,,0.45,var0.15
face,exact match dist,exact match eval,ORACLE,0.9914346895074947,0.9913623594465866,0.9914536099818834,0.2,,0.45,var0.15
face,exact match dist,exact match eval,DEM,0.7194860813704497,0.7194835148215366,0.7193588712236916,0.2,,0.45,var0.15
face,exact match dist,exact match eval,RANDOM,0.4068522483940043,0.40673699085413695,0.40663029188851324,0.2,,0.45,var0.15
face,exact match dist,exact match eval,MAS,0.7665952890792291,0.7662571488027198,0.7664016403115291,0.2,,0.45,var0.15
face,exact match dist,exact match eval,BAU,0.69593147751606,0.695081427886673,0.6956646104496851,0.2,,0.45,var0.15
face,exact match dist,exact match eval,SAD,0.6573875802997858,0.6571539332379623,0.6578766486308193,0.2,,0.45,var0.15
face,exact match dist,exact match eval,ORACLE,0.9957173447537473,0.9957577950294595,0.9957173859465915,0.2,,0.45,var0.15
face,exact match dist,exact match eval,DEM,0.7194860813704497,0.7195742229257478,0.7199641102458254,0.2,,0.45,var0.15
face,exact match dist,exact match eval,RANDOM,0.43254817987152033,0.4325519603415691,0.43210795486778014,0.2,,0.45,var0.15
face,exact match dist,exact match eval,MAS,0.7649572649572649,0.7637656544674479,0.764677665292606,0.2,,0.45,var0.15
face,exact match dist,exact match eval,BAU,0.6965811965811965,0.6958906466688609,0.6965692561900233,0.2,,0.45,var0.15
face,exact match dist,exact match eval,SAD,0.6602564102564102,0.6592360579815777,0.6602424172194107,0.2,,0.45,var0.15
face,exact match dist,exact match eval,ORACLE,0.9935897435897436,0.9937075647576534,0.9935982085960494,0.2,,0.45,var0.15
face,exact match dist,exact match eval,DEM,0.7243589743589743,0.7233119168124178,0.7242342204880947,0.2,,0.45,var0.15
face,exact match dist,exact match eval,RANDOM,0.45085470085470086,0.44954482738510915,0.4504603460302892,0.2,,0.45,var0.15
face,exact match dist,exact match eval,MAS,0.7366167023554604,0.7359772167579643,0.7359721595425185,0.2,1,0.5,var0.15
face,exact match dist,exact match eval,BAU,0.6059957173447538,0.6055204308628966,0.6055584763454877,0.2,1,0.5,var0.15
face,exact match dist,exact match eval,SAD,0.702355460385439,0.7017848129130735,0.7018814869072645,0.2,1,0.5,var0.15
face,exact match dist,exact match eval,ORACLE,0.9914346895074947,0.9913392446189635,0.9914061196899389,0.2,1,0.5,var0.15
face,exact match dist,exact match eval,DEM,0.6980728051391863,0.6972636304024433,0.6975104073917475,0.2,1,0.5,var0.15
face,exact match dist,exact match eval,RANDOM,0.430406852248394,0.4292892081798091,0.42975836571320314,0.2,1,0.5,var0.15
face,exact match dist,exact match eval,MAS,0.7494646680942184,0.7480218015963093,0.7484525336491691,0.2,2,0.5,var0.15
face,exact match dist,exact match eval,BAU,0.6059957173447538,0.6053963913759463,0.6058398605120333,0.2,2,0.5,var0.15
face,exact match dist,exact match eval,SAD,0.69593147751606,0.6951758172127778,0.6955556994650619,0.2,2,0.5,var0.15
face,exact match dist,exact match eval,ORACLE,0.9914346895074947,0.9913630246669736,0.9914059808280401,0.2,2,0.5,var0.15
face,exact match dist,exact match eval,DEM,0.7002141327623126,0.6994730166152406,0.6998034388729266,0.2,2,0.5,var0.15
face,exact match dist,exact match eval,RANDOM,0.42184154175588867,0.419451844258071,0.41993237548975765,0.2,2,0.5,var0.15
face,exact match dist,exact match eval,MAS,0.734475374732334,0.7325284827193694,0.733451933931976,0.2,3,0.5,var0.15
face,exact match dist,exact match eval,BAU,0.5995717344753747,0.5987787507112458,0.5995366197533141,0.2,3,0.5,var0.15
face,exact match dist,exact match eval,SAD,0.6980728051391863,0.6967682438963152,0.6976968355775289,0.2,3,0.5,var0.15
face,exact match dist,exact match eval,ORACLE,0.9935760171306209,0.993428293426063,0.9935454949740342,0.2,3,0.5,var0.15
face,exact match dist,exact match eval,DEM,0.6745182012847966,0.6734711940778886,0.6743963516794638,0.2,3,0.5,var0.15
face,exact match dist,exact match eval,RANDOM,0.4582441113490364,0.45732867639513297,0.4575530910359099,0.2,3,0.5,var0.15
face,exact match dist,exact match eval,MAS,0.7473233404710921,0.7472163270488713,0.7469713530051947,0.2,4,0.5,var0.15
face,exact match dist,exact match eval,BAU,0.5931477516059958,0.5927518545469246,0.5927187481104373,0.2,4,0.5,var0.15
face,exact match dist,exact match eval,SAD,0.6937901498929336,0.6936226736566575,0.6935954372868908,0.2,4,0.5,var0.15
face,exact match dist,exact match eval,ORACLE,0.9957173447537473,0.9957956072164896,0.9957173845383678,0.2,4,0.5,var0.15
face,exact match dist,exact match eval,DEM,0.702355460385439,0.702183158357754,0.7016976396777673,0.2,4,0.5,var0.15
face,exact match dist,exact match eval,RANDOM,0.4346895074946467,0.4349650947247743,0.43477075940931664,0.2,4,0.5,var0.15
face,exact match dist,exact match eval,MAS,0.7457264957264957,0.7458795010164874,0.7454944202397663,0.2,5,0.5,var0.15
face,exact match dist,exact match eval,BAU,0.6068376068376068,0.6064780943717881,0.6060432869572193,0.2,5,0.5,var0.15
face,exact match dist,exact match eval,SAD,0.7029914529914529,0.7033504261295994,0.7030187435193652,0.2,5,0.5,var0.15
face,exact match dist,exact match eval,ORACLE,0.9935897435897436,0.9936239835963211,0.9935809868574584,0.2,5,0.5,var0.15
face,exact match dist,exact match eval,DEM,0.7008547008547008,0.7007416081186573,0.700580475990312,0.2,5,0.5,var0.15
face,exact match dist,exact match eval,RANDOM,0.4722222222222222,0.470989807873216,0.4709673330749564,0.2,5,0.5,var0.15
face,exact match dist,exact match eval,MAS,0.8758029978586723,0.8759534903730227,0.8758644675421609,0.2,1,0.55,var0.15
face,exact match dist,exact match eval,BAU,0.6980728051391863,0.6981886453620623,0.6984141294639875,0.2,1,0.55,var0.15
face,exact match dist,exact match eval,SAD,0.8329764453961456,0.8329082412433539,0.8327727148680202,0.2,1,0.55,var0.15
face,exact match dist,exact match eval,ORACLE,0.9935760171306209,0.9935776033410413,0.9935751568438946,0.2,1,0.55,var0.15
face,exact match dist,exact match eval,DEM,0.841541755888651,0.8415089871844528,0.8414514488730678,0.2,1,0.55,var0.15
face,exact match dist,exact match eval,RANDOM,0.5588865096359743,0.55903822928863,0.5587631202869037,0.2,1,0.55,var0.15
face,exact match dist,exact match eval,MAS,0.8779443254817987,0.8779537023994204,0.8781775306908023,0.2,2,0.55,var0.15
face,exact match dist,exact match eval,BAU,0.7044967880085653,0.7045926266577942,0.7046351497003069,0.2,2,0.55,var0.15
face,exact match dist,exact match eval,SAD,0.8436830835117773,0.8437328051061957,0.843753306427117,0.2,2,0.55,var0.15
face,exact match dist,exact match eval,ORACLE,0.9935760171306209,0.9936146164853329,0.9935763195780254,0.2,2,0.55,var0.15
face,exact match dist,exact match eval,DEM,0.854389721627409,0.85445680311441,0.8544060395533742,0.2,2,0.55,var0.15
face,exact match dist,exact match eval,RANDOM,0.5117773019271948,0.5107952511209819,0.5108992642272836,0.2,2,0.55,var0.15
face,exact match dist,exact match eval,MAS,0.8843683083511777,0.884455151537211,0.8844515094590503,0.2,3,0.55,var0.15
face,exact match dist,exact match eval,BAU,0.7109207708779444,0.7109371494159216,0.7109383546320457,0.2,3,0.55,var0.15
face,exact match dist,exact match eval,SAD,0.8501070663811563,0.8503469436029003,0.8500716649368234,0.2,3,0.55,var0.15
face,exact match dist,exact match eval,ORACLE,0.9978586723768736,0.9978991225747225,0.9978587101807971,0.2,3,0.55,var0.15
face,exact match dist,exact match eval,DEM,0.8650963597430407,0.8650469145685191,0.8648996327961588,0.2,3,0.55,var0.15
face,exact match dist,exact match eval,RANDOM,0.556745182012848,0.5559895146842353,0.5562822812700963,0.2,3,0.55,var0.15
face,exact match dist,exact match eval,MAS,0.860813704496788,0.8606427011852776,0.8609695645610945,0.2,4,0.55,var0.15
face,exact match dist,exact match eval,BAU,0.702355460385439,0.7022873857837861,0.7022219893838226,0.2,4,0.55,var0.15
face,exact match dist,exact match eval,SAD,0.8308351177730193,0.8302368436600186,0.830902250245728,0.2,4,0.55,var0.15
face,exact match dist,exact match eval,ORACLE,0.9935760171306209,0.9935581358980373,0.9935756286811654,0.2,4,0.55,var0.15
face,exact match dist,exact match eval,DEM,0.8351177730192719,0.8347250818970522,0.8350487092157021,0.2,4,0.55,var0.15
face,exact match dist,exact match eval,RANDOM,0.5010706638115632,0.5009482104599756,0.5014026358988418,0.2,4,0.55,var0.15
face,exact match dist,exact match eval,MAS,0.8696581196581197,0.8699768672350389,0.8697588080120741,0.2,5,0.55,var0.15
face,exact match dist,exact match eval,BAU,0.7029914529914529,0.703250540749063,0.7031711583809124,0.2,5,0.55,var0.15
face,exact match dist,exact match eval,SAD,0.8461538461538461,0.8460168277035991,0.8461206576632663,0.2,5,0.55,var0.15
face,exact match dist,exact match eval,ORACLE,0.9957264957264957,0.995720093930424,0.9957261769761602,0.2,5,0.55,var0.15
face,exact match dist,exact match eval,DEM,0.8525641025641025,0.8525599757001046,0.8525139279650518,0.2,5,0.55,var0.15
face,exact match dist,exact match eval,RANDOM,0.5405982905982906,0.5407902602404714,0.5398745558302159,0.2,5,0.55,var0.15
face,exact match dist,exact match eval,MAS,0.9571734475374732,0.9570568360605873,0.9570881340627913,0.2,1,0.6,var0.15
face,exact match dist,exact match eval,BAU,0.8222698072805139,0.8224802931581867,0.8225073276112088,0.2,1,0.6,var0.15
face,exact match dist,exact match eval,SAD,0.9421841541755889,0.9418999909435285,0.941938632455591,0.2,1,0.6,var0.15
face,exact match dist,exact match eval,ORACLE,1.0,1.0,1.0,0.2,1,0.6,var0.15
face,exact match dist,exact match eval,DEM,0.9421841541755889,0.9419225419841296,0.9420350147047717,0.2,1,0.6,var0.15
face,exact match dist,exact match eval,RANDOM,0.5781584582441114,0.5782585317923635,0.5779427264056699,0.2,1,0.6,var0.15
face,exact match dist,exact match eval,MAS,0.9528907922912205,0.9527633329804304,0.9527644327179413,0.2,2,0.6,var0.15
face,exact match dist,exact match eval,BAU,0.8179871520342612,0.8172220470471738,0.8174729297198761,0.2,2,0.6,var0.15
face,exact match dist,exact match eval,SAD,0.9443254817987152,0.9439918597127788,0.944274642577844,0.2,2,0.6,var0.15
face,exact match dist,exact match eval,ORACLE,1.0,1.0,1.0,0.2,2,0.6,var0.15
face,exact match dist,exact match eval,DEM,0.9507494646680942,0.9505149543328465,0.9506994488560834,0.2,2,0.6,var0.15
face,exact match dist,exact match eval,RANDOM,0.588865096359743,0.5878108761074817,0.5875190007874378,0.2,2,0.6,var0.15
face,exact match dist,exact match eval,MAS,0.9528907922912205,0.9528706438710675,0.9527620859578082,0.2,3,0.6,var0.15
face,exact match dist,exact match eval,BAU,0.828693790149893,0.8283773735572522,0.8284851574602567,0.2,3,0.6,var0.15
face,exact match dist,exact match eval,SAD,0.9357601713062098,0.9353335549071937,0.9354956001835646,0.2,3,0.6,var0.15
face,exact match dist,exact match eval,ORACLE,1.0,1.0,1.0,0.2,3,0.6,var0.15
face,exact match dist,exact match eval,DEM,0.9336188436830836,0.933444737582272,0.9335339172216786,0.2,3,0.6,var0.15
face,exact match dist,exact match eval,RANDOM,0.5717344753747323,0.5711778280642871,0.57086984724435,0.2,3,0.6,var0.15
face,exact match dist,exact match eval,MAS,0.9571734475374732,0.9568845344305903,0.9571651491451876,0.2,4,0.6,var0.15
face,exact match dist,exact match eval,BAU,0.8265524625267666,0.8264462809917356,0.8265630806802697,0.2,4,0.6,var0.15
face,exact match dist,exact match eval,SAD,0.9421841541755889,0.9419985155929416,0.942069352110701,0.2,4,0.6,var0.15
face,exact match dist,exact match eval,ORACLE,1.0,1.0,1.0,0.2,4,0.6,var0.15
face,exact match dist,exact match eval,DEM,0.9336188436830836,0.9335909271610341,0.9335976230314065,0.2,4,0.6,var0.15
face,exact match dist,exact match eval,RANDOM,0.6081370449678801,0.6082736487945797,0.607681774225408,0.2,4,0.6,var0.15
face,exact match dist,exact match eval,MAS,0.9594017094017094,0.9593981561068569,0.959389901148224,0.2,5,0.6,var0.15
face,exact match dist,exact match eval,BAU,0.8311965811965812,0.8310220849022854,0.83101774978571,0.2,5,0.6,var0.15
face,exact match dist,exact match eval,SAD,0.9444444444444444,0.9447574167880477,0.9443398981389132,0.2,5,0.6,var0.15
face,exact match dist,exact match eval,ORACLE,1.0,1.0,1.0,0.2,5,0.6,var0.15
face,exact match dist,exact match eval,DEM,0.9487179487179487,0.9488727331597905,0.9487048641425224,0.2,5,0.6,var0.15
face,exact match dist,exact match eval,RANDOM,0.6132478632478633,0.6130554856810931,0.6128557983945506,0.2,5,0.6,var0.15
face,exact match dist,exact match eval,MAS,0.9764453961456103,0.9765324668655664,0.9764896248853592,0.2,1,0.65,var0.15
face,exact match dist,exact match eval,BAU,0.8758029978586723,0.8756364589365793,0.8758044611042052,0.2,1,0.65,var0.15
face,exact match dist,exact match eval,SAD,0.9764453961456103,0.976410276280306,0.9764227298254212,0.2,1,0.65,var0.15
face,exact match dist,exact match eval,ORACLE,1.0,1.0,1.0,0.2,1,0.65,var0.15
face,exact match dist,exact match eval,DEM,0.9807280513918629,0.9806474388915526,0.9806956128026063,0.2,1,0.65,var0.15
face,exact match dist,exact match eval,RANDOM,0.6552462526766595,0.6546941091171155,0.6547836864066334,0.2,1,0.65,var0.15
face,exact match dist,exact match eval,MAS,0.9721627408993576,0.972284777246166,0.9721696403629698,0.2,2,0.65,var0.15
face,exact match dist,exact match eval,BAU,0.8715203426124197,0.8712994577954811,0.8716578146045184,0.2,2,0.65,var0.15
face,exact match dist,exact match eval,SAD,0.9721627408993576,0.9722497556889572,0.9721652021954762,0.2,2,0.65,var0.15
face,exact match dist,exact match eval,ORACLE,1.0,1.0,1.0,0.2,2,0.65,var0.15
face,exact match dist,exact match eval,DEM,0.9721627408993576,0.972339304499159,0.9721634558586127,0.2,2,0.65,var0.15
face,exact match dist,exact match eval,RANDOM,0.6766595289079229,0.6755044969873645,0.6759690201557694,0.2,2,0.65,var0.15
face,exact match dist,exact match eval,MAS,0.974304068522484,0.9744056149962912,0.9743267546642765,0.2,3,0.65,var0.15
face,exact match dist,exact match eval,BAU,0.8779443254817987,0.8768765263423133,0.8777831548090075,0.2,3,0.65,var0.15
face,exact match dist,exact match eval,SAD,0.974304068522484,0.9745152242072873,0.9742643740633021,0.2,3,0.65,var0.15
face,exact match dist,exact match eval,ORACLE,1.0,1.0,1.0,0.2,3,0.65,var0.15
face,exact match dist,exact match eval,DEM,0.9700214132762313,0.9702312432544962,0.9700388090612119,0.2,3,0.65,var0.15
face,exact match dist,exact match eval,RANDOM,0.6638115631691649,0.6633851152252739,0.6625955391866908,0.2,3,0.65,var0.15
face,exact match dist,exact match eval,MAS,0.9764453961456103,0.9762290021917351,0.9764036800519171,0.2,4,0.65,var0.15
face,exact match dist,exact match eval,BAU,0.8693790149892934,0.8695372024676493,0.8691952623706793,0.2,4,0.65,var0.15
face,exact match dist,exact match eval,SAD,0.9764453961456103,0.9761618977496022,0.9764539424041865,0.2,4,0.65,var0.15
face,exact match dist,exact match eval,ORACLE,1.0,1.0,1.0,0.2,4,0.65,var0.15
face,exact match dist,exact match eval,DEM,0.9828693790149893,0.9827305203753973,0.982886536773727,0.2,4,0.65,var0.15
face,exact match dist,exact match eval,RANDOM,0.6745182012847966,0.6741071086708479,0.674708701668921,0.2,4,0.65,var0.15
face,exact match dist,exact match eval,MAS,0.967948717948718,0.9677636044626896,0.9679474812112858,0.2,5,0.65,var0.15
face,exact match dist,exact match eval,BAU,0.8653846153846154,0.8658136540569406,0.8652442823669216,0.2,5,0.65,var0.15
face,exact match dist,exact match eval,SAD,0.9722222222222222,0.9719974188909433,0.9722502201474436,0.2,5,0.65,var0.15
face,exact match dist,exact match eval,ORACLE,1.0,1.0,1.0,0.2,5,0.65,var0.15
face,exact match dist,exact match eval,DEM,0.967948717948718,0.9677539194238656,0.9680309476645664,0.2,5,0.65,var0.15
face,exact match dist,exact match eval,RANDOM,0.6901709401709402,0.689214970592046,0.6902894050382322,0.2,5,0.65,var0.15
face,exact match dist,exact match eval,MAS,0.9978586723768736,0.997862271838629,0.9978584767539522,0.2,,0.45,var0.25
face,exact match dist,exact match eval,BAU,1.0,1.0,1.0,0.2,,0.45,var0.25
face,exact match dist,exact match eval,SAD,0.9057815845824411,0.9057907313126932,0.9056911811737205,0.2,,0.45,var0.25
face,exact match dist,exact match eval,ORACLE,1.0,1.0,1.0,0.2,,0.45,var0.25
face,exact match dist,exact match eval,DEM,0.9271948608137045,0.9272444959935943,0.9271003336950729,0.2,,0.45,var0.25
face,exact match dist,exact match eval,RANDOM,0.5845824411134903,0.5851789690734264,0.5854873351478284,0.2,,0.45,var0.25
face,exact match dist,exact match eval,MAS,1.0,1.0,1.0,0.2,,0.45,var0.25
face,exact match dist,exact match eval,BAU,1.0,1.0,1.0,0.2,,0.45,var0.25
face,exact match dist,exact match eval,SAD,0.8972162740899358,0.8969678192246744,0.8971382476044361,0.2,,0.45,var0.25
face,exact match dist,exact match eval,ORACLE,1.0,1.0,1.0,0.2,,0.45,var0.25
face,exact match dist,exact match eval,DEM,0.9250535331905781,0.9249908866386138,0.9249216611368646,0.2,,0.45,var0.25
face,exact match dist,exact match eval,RANDOM,0.5289079229122056,0.5285696140010719,0.5285638981580719,0.2,,0.45,var0.25
face,exact match dist,exact match eval,MAS,0.9978586723768736,0.997813925959868,0.9978583453130673,0.2,,0.45,var0.25
face,exact match dist,exact match eval,BAU,1.0,1.0,1.0,0.2,,0.45,var0.25
face,exact match dist,exact match eval,SAD,0.9036402569593148,0.9037145861472589,0.9035474104294999,0.2,,0.45,var0.25
face,exact match dist,exact match eval,ORACLE,1.0,1.0,1.0,0.2,,0.45,var0.25
face,exact match dist,exact match eval,DEM,0.9250535331905781,0.9253565996150742,0.9250035296609173,0.2,,0.45,var0.25
face,exact match dist,exact match eval,RANDOM,0.563169164882227,0.5633007300040094,0.5632993486114816,0.2,,0.45,var0.25
face,exact match dist,exact match eval,MAS,0.9978586723768736,0.9978889423333868,0.997858901261233,0.2,,0.45,var0.25
face,exact match dist,exact match eval,BAU,1.0,1.0,1.0,0.2,,0.45,var0.25
face,exact match dist,exact match eval,SAD,0.9122055674518201,0.9117777900784263,0.9121328220012087,0.2,,0.45,var0.25
face,exact match dist,exact match eval,ORACLE,1.0,1.0,1.0,0.2,,0.45,var0.25
face,exact match dist,exact match eval,DEM,0.9379014989293362,0.9372795348184669,0.9377863684236695,0.2,,0.45,var0.25
face,exact match dist,exact match eval,RANDOM,0.5374732334047109,0.5359165062969525,0.5365704709783631,0.2,,0.45,var0.25
face,exact match dist,exact match eval,MAS,0.9978632478632479,0.9978889423333868,0.997863476258538,0.2,,0.45,var0.25
face,exact match dist,exact match eval,BAU,1.0,1.0,1.0,0.2,,0.45,var0.25
face,exact match dist,exact match eval,SAD,0.9017094017094017,0.9016087634281057,0.9014919917495117,0.2,,0.45,var0.25
face,exact match dist,exact match eval,ORACLE,1.0,1.0,1.0,0.2,,0.45,var0.25
face,exact match dist,exact match eval,DEM,0.9337606837606838,0.9333821178548323,0.9335434118253645,0.2,,0.45,var0.25
face,exact match dist,exact match eval,RANDOM,0.5641025641025641,0.5636816789823963,0.5641917042186007,0.2,,0.45,var0.25
face,exact match dist,exact match eval,MAS,0.9336188436830836,0.9337111804952223,0.9336449354696318,0.2,1,0.5,var0.25
face,exact match dist,exact match eval,BAU,0.7815845824411135,0.7813702497704103,0.7811629609405726,0.2,1,0.5,var0.25
face,exact match dist,exact match eval,SAD,0.8972162740899358,0.8972210544078736,0.8971693505380344,0.2,1,0.5,var0.25
face,exact match dist,exact match eval,ORACLE,1.0,1.0,1.0,0.2,1,0.5,var0.25
face,exact match dist,exact match eval,DEM,0.9164882226980728,0.9165008841732979,0.9166486802719542,0.2,1,0.5,var0.25
face,exact match dist,exact match eval,RANDOM,0.5653104925053534,0.5651712245214806,0.5652035139866873,0.2,1,0.5,var0.25
face,exact match dist,exact match eval,MAS,0.9443254817987152,0.9444809461527233,0.9442697477420776,0.2,2,0.5,var0.25
face,exact match dist,exact match eval,BAU,0.7837259100642399,0.783737480885046,0.7836204339429595,0.2,2,0.5,var0.25
face,exact match dist,exact match eval,SAD,0.8886509635974305,0.8888205276746699,0.8885606581425048,0.2,2,0.5,var0.25
face,exact match dist,exact match eval,ORACLE,1.0,1.0,1.0,0.2,2,0.5,var0.25
face,exact match dist,exact match eval,DEM,0.9122055674518201,0.9129593953860037,0.9125407560665078,0.2,2,0.5,var0.25
face,exact match dist,exact match eval,RANDOM,0.5781584582441114,0.5787666386104003,0.5786279411605035,0.2,2,0.5,var0.25
face,exact match dist,exact match eval,MAS,0.9486081370449678,0.9487829409053254,0.9486158888561951,0.2,3,0.5,var0.25
face,exact match dist,exact match eval,BAU,0.7880085653104925,0.7881376507049547,0.7878490915846263,0.2,3,0.5,var0.25
face,exact match dist,exact match eval,SAD,0.9036402569593148,0.903804301126935,0.9035589040648637,0.2,3,0.5,var0.25
face,exact match dist,exact match eval,ORACLE,1.0,1.0,1.0,0.2,3,0.5,var0.25
face,exact match dist,exact match eval,DEM,0.9229122055674518,0.9229855321658458,0.9230475932226756,0.2,3,0.5,var0.25
face,exact match dist,exact match eval,RANDOM,0.5781584582441114,0.5780679512620892,0.578633007299433,0.2,3,0.5,var0.25
face,exact match dist,exact match eval,MAS,0.9271948608137045,0.9268674248145141,0.9271571872692052,0.2,4,0.5,var0.25
face,exact match dist,exact match eval,BAU,0.7644539614561028,0.7636314298299365,0.7642135819557266,0.2,4,0.5,var0.25
face,exact match dist,exact match eval,SAD,0.8779443254817987,0.8775588284804858,0.87793923096953,0.2,4,0.5,var0.25
face,exact match dist,exact match eval,ORACLE,1.0,1.0,1.0,0.2,4,0.5,var0.25
face,exact match dist,exact match eval,DEM,0.892933618843683,0.8934398029182936,0.8933380493501469,0.2,4,0.5,var0.25
face,exact match dist,exact match eval,RANDOM,0.5845824411134903,0.5850521536892235,0.5849653509781749,0.2,4,0.5,var0.25
face,exact match dist,exact match eval,MAS,0.9337606837606838,0.933644461887266,0.9336588339897007,0.2,5,0.5,var0.25
face,exact match dist,exact match eval,BAU,0.7777777777777778,0.7774008597942501,0.7777233603873772,0.2,5,0.5,var0.25
face,exact match dist,exact match eval,SAD,0.9017094017094017,0.9013467389208362,0.9015942514926029,0.2,5,0.5,var0.25
face,exact match dist,exact match eval,ORACLE,1.0,1.0,1.0,0.2,5,0.5,var0.25
face,exact match dist,exact match eval,DEM,0.9166666666666666,0.9165247649805291,0.9168378069703775,0.2,5,0.5,var0.25
face,exact match dist,exact match eval,RANDOM,0.5876068376068376,0.5863278818860471,0.5862994823125709,0.2,5,0.5,var0.25
face,exact match dist,exact match eval,MAS,0.9571734475374732,0.9572076470092735,0.9571533685428221,0.2,1,0.55,var0.25
face,exact match dist,exact match eval,BAU,0.8308351177730193,0.8305261939865404,0.8306178618665465,0.2,1,0.55,var0.25
face,exact match dist,exact match eval,SAD,0.8886509635974305,0.8888197573543544,0.8886808877268512,0.2,1,0.55,var0.25
face,exact match dist,exact match eval,ORACLE,1.0,1.0,1.0,0.2,1,0.55,var0.25
face,exact match dist,exact match eval,DEM,0.9186295503211992,0.9186410825732823,0.9186471336126021,0.2,1,0.55,var0.25
face,exact match dist,exact match eval,RANDOM,0.588865096359743,0.5870976556485699,0.5868233197966102,0.2,1,0.55,var0.25
face,exact match dist,exact match eval,MAS,0.9421841541755889,0.9420484572608527,0.942166817758286,0.2,2,0.55,var0.25
face,exact match dist,exact match eval,BAU,0.8458244111349036,0.8456140967647465,0.8459443091459711,0.2,2,0.55,var0.25
face,exact match dist,exact match eval,SAD,0.8865096359743041,0.8861979913916785,0.8863933836970314,0.2,2,0.55,var0.25
face,exact match dist,exact match eval,ORACLE,1.0,1.0,1.0,0.2,2,0.55,var0.25
face,exact match dist,exact match eval,DEM,0.9100642398286938,0.9097373341226558,0.9099703561565093,0.2,2,0.55,var0.25
face,exact match dist,exact match eval,RANDOM,0.569593147751606,0.5690370680358666,0.5684331918845454,0.2,2,0.55,var0.25
face,exact match dist,exact match eval,MAS,0.9379014989293362,0.9379769536019535,0.9380667066694904,0.2,3,0.55,var0.25
face,exact match dist,exact match eval,BAU,0.8479657387580299,0.8474759862516328,0.8478386282441591,0.2,3,0.55,var0.25
face,exact match dist,exact match eval,SAD,0.8822269807280514,0.8820458520445852,0.8822564331257314,0.2,3,0.55,var0.25
face,exact match dist,exact match eval,ORACLE,1.0,1.0,1.0,0.2,3,0.55,var0.25
face,exact match dist,exact match eval,DEM,0.9079229122055674,0.9078056980027934,0.9079471445060932,0.2,3,0.55,var0.25
face,exact match dist,exact match eval,RANDOM,0.550321199143469,0.5496819195976039,0.5500242082047803,0.2,3,0.55,var0.25
face,exact match dist,exact match eval,MAS,0.9443254817987152,0.9442534130277687,0.9443669563642731,0.2,4,0.55,var0.25
face,exact match dist,exact match eval,BAU,0.8522483940042827,0.8528591142141175,0.8526909753545886,0.2,4,0.55,var0.25
face,exact match dist,exact match eval,SAD,0.8886509635974305,0.8884550449869542,0.8887767146782063,0.2,4,0.55,var0.25
face,exact match dist,exact match eval,ORACLE,1.0,1.0,1.0,0.2,4,0.55,var0.25
face,exact match dist,exact match eval,DEM,0.9122055674518201,0.9120242079840968,0.9121992006589689,0.2,4,0.55,var0.25
face,exact match dist,exact match eval,RANDOM,0.5653104925053534,0.5649952715348959,0.565472171013046,0.2,4,0.55,var0.25
face,exact match dist,exact match eval,MAS,0.9615384615384616,0.9616640919428443,0.9615332179822125,0.2,5,0.55,var0.25
face,exact match dist,exact match eval,BAU,0.8482905982905983,0.8486315891895355,0.8484069604206705,0.2,5,0.55,var0.25
face,exact match dist,exact match eval,SAD,0.8888888888888888,0.8893376184211794,0.8888174957271547,0.2,5,0.55,var0.25
face,exact match dist,exact match eval,ORACLE,1.0,1.0,1.0,0.2,5,0.55,var0.25
face,exact match dist,exact match eval,DEM,0.9145299145299145,0.9150337550026617,0.914445560115159,0.2,5,0.55,var0.25
face,exact match dist,exact match eval,RANDOM,0.561965811965812,0.5624078741314841,0.5621830598343127,0.2,5,0.55,var0.25
face,exact match dist,exact match eval,MAS,0.9593147751605996,0.9592403876049851,0.9592656492099951,0.2,1,0.6,var0.25
face,exact match dist,exact match eval,BAU,0.8972162740899358,0.8966045829871587,0.8967668374123179,0.2,1,0.6,var0.25
face,exact match dist,exact match eval,SAD,0.9250535331905781,0.92506811862549,0.9249794009780413,0.2,1,0.6,var0.25
face,exact match dist,exact match eval,ORACLE,1.0,1.0,1.0,0.2,1,0.6,var0.25
face,exact match dist,exact match eval,DEM,0.9357601713062098,0.9359591181582494,0.935958762648069,0.2,1,0.6,var0.25
face,exact match dist,exact match eval,RANDOM,0.5738758029978587,0.5730831499969229,0.5732759301021535,0.2,1,0.6,var0.25
face,exact match dist,exact match eval,MAS,0.9571734475374732,0.957139394174456,0.9572475381542591,0.2,2,0.6,var0.25
face,exact match dist,exact match eval,BAU,0.8865096359743041,0.886179529593039,0.8861307599490802,0.2,2,0.6,var0.25
face,exact match dist,exact match eval,SAD,0.9143468950749465,0.9140800265674554,0.9141806724235734,0.2,2,0.6,var0.25
face,exact match dist,exact match eval,ORACLE,1.0,1.0,1.0,0.2,2,0.6,var0.25
face,exact match dist,exact match eval,DEM,0.9250535331905781,0.9250383482792138,0.9252179049767847,0.2,2,0.6,var0.25
face,exact match dist,exact match eval,RANDOM,0.5802997858672377,0.5796424171030365,0.5802263995368536,0.2,2,0.6,var0.25
face,exact match dist,exact match eval,MAS,0.9293361884368309,0.9288451783557364,0.9292496248011539,0.2,3,0.6,var0.25
face,exact match dist,exact match eval,BAU,0.8886509635974305,0.8878062901452779,0.888214325751057,0.2,3,0.6,var0.25
face,exact match dist,exact match eval,SAD,0.9122055674518201,0.9119090276082231,0.9121178095175011,0.2,3,0.6,var0.25
face,exact match dist,exact match eval,ORACLE,1.0,1.0,1.0,0.2,3,0.6,var0.25
face,exact match dist,exact match eval,DEM,0.9250535331905781,0.9248571657702666,0.9252407192597181,0.2,3,0.6,var0.25
face,exact match dist,exact match eval,RANDOM,0.5053533190578159,0.5046620480064461,0.504860410780927,0.2,3,0.6,var0.25
face,exact match dist,exact match eval,MAS,0.9336188436830836,0.9338082984065282,0.9337227323868202,0.2,4,0.6,var0.25
face,exact match dist,exact match eval,BAU,0.8779443254817987,0.8781710660638411,0.8778234511989225,0.2,4,0.6,var0.25
face,exact match dist,exact match eval,SAD,0.9186295503211992,0.9183817617177654,0.9185652119017432,0.2,4,0.6,var0.25
face,exact match dist,exact match eval,ORACLE,1.0,1.0,1.0,0.2,4,0.6,var0.25
face,exact match dist,exact match eval,DEM,0.9357601713062098,0.9360360501567397,0.9359276781698697,0.2,4,0.6,var0.25
face,exact match dist,exact match eval,RANDOM,0.582441113490364,0.5824470562949753,0.5827425662347081,0.2,4,0.6,var0.25
face,exact match dist,exact match eval,MAS,0.9572649572649573,0.9574415884462483,0.9572899794180614,0.2,5,0.6,var0.25
face,exact match dist,exact match eval,BAU,0.9017094017094017,0.9010124576323426,0.9016244719890626,0.2,5,0.6,var0.25
face,exact match dist,exact match eval,SAD,0.9188034188034188,0.9189163422061585,0.9189132358371166,0.2,5,0.6,var0.25
face,exact match dist,exact match eval,ORACLE,1.0,1.0,1.0,0.2,5,0.6,var0.25
face,exact match dist,exact match eval,DEM,0.9294871794871795,0.9299582279626666,0.9296723882745516,0.2,5,0.6,var0.25
face,exact match dist,exact match eval,RANDOM,0.5918803418803419,0.5917464593799777,0.5927234662062505,0.2,5,0.6,var0.25
face,exact match dist,exact match eval,MAS,1.0,1.0,1.0,0.2,1,0.65,var0.25
face,exact match dist,exact match eval,BAU,1.0,1.0,1.0,0.2,1,0.65,var0.25
face,exact match dist,exact match eval,SAD,0.9935760171306209,0.9935684490463541,0.9935750322818322,0.2,1,0.65,var0.25
face,exact match dist,exact match eval,ORACLE,1.0,1.0,1.0,0.2,1,0.65,var0.25
face,exact match dist,exact match eval,DEM,0.9957173447537473,0.9957157164611853,0.9957169913118276,0.2,1,0.65,var0.25
face,exact match dist,exact match eval,RANDOM,0.721627408993576,0.7214575784502111,0.721530276429468,0.2,1,0.65,var0.25
face,exact match dist,exact match eval,MAS,1.0,1.0,1.0,0.2,2,0.65,var0.25
face,exact match dist,exact match eval,BAU,1.0,1.0,1.0,0.2,2,0.65,var0.25
face,exact match dist,exact match eval,SAD,0.9957173447537473,0.9956415297499839,0.9957075858762674,0.2,2,0.65,var0.25
face,exact match dist,exact match eval,ORACLE,1.0,1.0,1.0,0.2,2,0.65,var0.25
face,exact match dist,exact match eval,DEM,0.9978586723768736,0.9978348486268629,0.9978585118124254,0.2,2,0.65,var0.25
face,exact match dist,exact match eval,RANDOM,0.7473233404710921,0.7477588592984842,0.747473724037651,0.2,2,0.65,var0.25
face,exact match dist,exact match eval,MAS,1.0,1.0,1.0,0.2,3,0.65,var0.25
face,exact match dist,exact match eval,BAU,1.0,1.0,1.0,0.2,3,0.65,var0.25
face,exact match dist,exact match eval,SAD,0.9957173447537473,0.995721912839806,0.995726014705988,0.2,3,0.65,var0.25
face,exact match dist,exact match eval,ORACLE,1.0,1.0,1.0,0.2,3,0.65,var0.25
face,exact match dist,exact match eval,DEM,0.9978586723768736,0.9978991225747225,0.9978587101807971,0.2,3,0.65,var0.25
face,exact match dist,exact match eval,RANDOM,0.7773019271948608,0.7773890019972876,0.7772671892360165,0.2,3,0.65,var0.25
face,exact match dist,exact match eval,MAS,1.0,1.0,1.0,0.2,4,0.65,var0.25
face,exact match dist,exact match eval,BAU,1.0,1.0,1.0,0.2,4,0.65,var0.25
face,exact match dist,exact match eval,SAD,0.9957173447537473,0.9957146593740932,0.9957176950951195,0.2,4,0.65,var0.25
face,exact match dist,exact match eval,ORACLE,1.0,1.0,1.0,0.2,4,0.65,var0.25
face,exact match dist,exact match eval,DEM,0.9957173447537473,0.9957146593740932,0.9957176950951195,0.2,4,0.65,var0.25
face,exact match dist,exact match eval,RANDOM,0.7301927194860813,0.7302760636953157,0.7299133282788223,0.2,4,0.65,var0.25
face,exact match dist,exact match eval,MAS,1.0,1.0,1.0,0.2,5,0.65,var0.25
face,exact match dist,exact match eval,BAU,1.0,1.0,1.0,0.2,5,0.65,var0.25
face,exact match dist,exact match eval,SAD,0.9935897435897436,0.9936542957933332,0.9935895343135164,0.2,5,0.65,var0.25
face,exact match dist,exact match eval,ORACLE,1.0,1.0,1.0,0.2,5,0.65,var0.25
face,exact match dist,exact match eval,DEM,0.9935897435897436,0.9936083405108557,0.9935893424046107,0.2,5,0.65,var0.25
face,exact match dist,exact match eval,RANDOM,0.7243589743589743,0.7245857979038693,0.7248421273165411,0.2,5,0.65,var0.25
